chiave,italiano,english,sv,da,no,fi,pl,cs,sk,hr,sr,bg,ru,uk
card.expand,Espandi {name},Expand {name},Visa {name},Udvid {name},Utvid {name},Laajenna: {name},Rozwiń: {name},Rozbalit kartu {name},Rozbaliť {name},Proširi {name},Прошири: {name},Разгъни {name},Развернуть: {name},Розгорнути: {name}
card.collapse,Riduci {name},Collapse {name},Dölj {name},Skjul {name},Skjul {name},Pienennä: {name},Zwiń: {name},Sbalit kartu {name},Zbaliť {name},Sažmi {name},Скупи: {name},Свий {name},Свернуть: {name},Згорнути: {name}
card.expandShort,Espandi,Expand,Visa,Udvid,Utvid,Laajenna,Rozwiń,Rozbalit,Rozbaliť,Proširi,Прошири,Разгъни,Развернуть,Розгорнути
card.collapseShort,Riduci,Collapse,Dölj,Skjul,Skjul,Pienennä,Zwiń,Sbalit,Zbaliť,Sažmi,Скупи,Свий,Свернуть,Згорнути
common.cancel,Annulla,Cancel,Avbryt,Annuller,Avbryt,Peruuta,Anuluj,Zrušit,Zrušiť,Odustani,Откажи,Отказ,Отменить,Скасувати
common.save,Salva,Save,Spara,Gem,Lagre,Tallenna,Zapisz,Uložit,Uložiť,Spremi,Сачувај,Запиши,Сохранить,Зберегти
common.delete,Elimina,Delete,Radera,Slet,Slett,Poista,Usuń,Odstranit,Odstrániť,Izbriši,Обриши,Изтрий,Удалить,Видалити
common.insert,Inserisci,Insert,Infoga,Indsæt,Sett inn,Lisää,Wstaw,Vložit,Vložiť,Umetni,Уметни,Вмъкни,Вставить,Вставити
common.edit,Modifica,Edit,Redigera,Rediger,Rediger,Muokkaa,Edytuj,Upravit,Upraviť,Uredi,Измени,Редактирай,Изменить,Змінити
common.other,Altro,Other,Annat,Andet,Annet,Muu,Inne,Jiné,Iné,Ostalo,Друго,Друго,Другое,Інше
common.notPossible,Operazione non possibile,Not possible,Åtgärden går inte att utföra,Ikke muligt,Ikke mulig,Toiminto ei ole mahdollinen,Operacja niemożliwa,Nelze provést,Operáciu nemožno vykonať,Radnja nije moguća,Радња није могућа,Операцията не е възможна,Операция невозможна,Операція неможлива
common.undoHint,Puoi annullare con Command/Ctrl+Z.,You can undo with Command/Ctrl+Z.,Du kan ångra med Command/Ctrl+Z.,Du kan fortryde med Command/Ctrl+Z.,Du kan angre med Command/Ctrl+Z.,Voit kumota painamalla Command/Ctrl+Z.,Możesz cofnąć za pomocą Command/Ctrl+Z.,Vrátit zpět můžete pomocí Command/Ctrl+Z.,Môžete to vrátiť späť pomocou Command/Ctrl+Z.,Možete poništiti s Command/Ctrl+Z.,Можете да опозовете помоћу Command/Ctrl+Z.,Можете да отмените с Command/Ctrl+Z.,Можно отменить сочетанием Command/Ctrl+Z.,Скасувати можна сполученням Command/Ctrl+Z.
count.cues.one,{count} battuta,{count} cue,{count} replik,{count} replik,{count} replikk,{count} repliikki,{count} kwestia,{count} replika,{count} replika,{count} replika,{count} реплика,{count} реплика,{count} реплика,{count} репліка
count.cues.other,{count} battute,{count} cues,{count} repliker,{count} replikker,{count} replikker,{count} repliikkiä,{count} kwestii,{count} replik,{count} replík,{count} replika,{count} реплика,{count} реплики,{count} реплики,{count} репліки
count.cues.few,,,,,,,{count} kwestie,{count} repliky,{count} repliky,{count} replike,{count} реплике,,{count} реплики,{count} репліки
count.cues.many,,,,,,,{count} kwestii,{count} repliky,{count} repliky,,,,{count} реплик,{count} реплік
count.lines.one,{count} riga,{count} line,{count} rad,{count} linje,{count} linje,{count} rivi,{count} wiersz,{count} řádek,{count} riadok,{count} redak,{count} ред,{count} ред,{count} строка,{count} рядок
count.lines.other,{count} righe,{count} lines,{count} rader,{count} linjer,{count} linjer,{count} riviä,{count} wiersza,{count} řádků,{count} riadkov,{count} redaka,{count} редова,{count} реда,{count} строки,{count} рядка
count.lines.few,,,,,,,{count} wiersze,{count} řádky,{count} riadky,{count} retka,{count} реда,,{count} строки,{count} рядки
count.lines.many,,,,,,,{count} wierszy,{count} řádku,{count} riadka,,,,{count} строк,{count} рядків
marker.type.act,Atto,Act,Akt,Akt,Akt,Näytös,Akt,Jednání,Dejstvo,Čin,Чин,Действие,Действие,Дія
marker.type.scene,Scena,Scene,Scen,Scene,Scene,Kohtaus,Scena,Scéna,Scéna,Scena,Сцена,Сцена,Сцена,Сцена
marker.type.picture,Quadro,Tableau,Tablå,Billede,Bilde,Kuvaelma,Obraz,Obraz,Obraz,Slika,Слика,Картина,Картина,Картина
marker.type.interval,Intervallo,Interval,Paus,Pause,Pause,Väliaika,Przerwa,Přestávka,Prestávka,Stanka,Пауза,Антракт,Антракт,Антракт
marker.type.other,Altro,Other,Annat,Andet,Annet,Muu,Inne,Jiné,Iné,Ostalo,Друго,Друго,Другое,Інше
marker.default,Marcatore,Marker,Märke,Markør,Markør,Merkintä,Znacznik,Značka,Značka,Oznaka,Ознака,Маркер,Метка,Мітка
preview.exit,Esci,Exit,Avsluta,Afslut,Lukk,Poistu,Zamknij,Ukončit,Ukončiť,Izađi,Изађи,Изход,Выйти,Вийти
crash.title,Sténtor ha incontrato un problema di visualizzazione.,Sténtor ran into a display problem.,Sténtor stötte på ett visningsproblem.,Sténtor stødte på et visningsproblem.,Sténtor fikk et visningsproblem.,Sténtorissa ilmeni näyttöongelma.,Wystąpił problem z wyświetlaniem w programie Sténtor.,Sténtor narazil na problém se zobrazením.,Sténtor narazil na problém so zobrazením.,Sténtor je naišao na problem s prikazom.,Sténtor је наишао на проблем са приказом.,Sténtor срещна проблем с показването.,В Sténtor возникла ошибка отображения.,У Sténtor сталася помилка відображення.
crash.message,Il progetto non è stato cancellato. Torna alla prima battuta o ricarica la pagina.,Your project has not been deleted. Go back to the first cue or reload the page.,Projektet har inte raderats. Gå tillbaka till första repliken eller läs in sidan igen.,"Dit projekt er ikke blevet slettet. Gå tilbage til første replik, eller genindlæs siden.",Prosjektet er ikke slettet. Gå tilbake til første replikk eller last inn siden på nytt.,Projektia ei ole poistettu. Palaa ensimmäiseen repliikkiin tai lataa sivu uudelleen.,Projekt nie został usunięty. Wróć do pierwszej kwestii lub odśwież stronę.,Projekt nebyl smazán. Vraťte se na první repliku nebo znovu načtěte stránku.,Projekt nebol vymazaný. Vráťte sa na prvú repliku alebo znova načítajte stránku.,Projekt nije izbrisan. Vratite se na prvu repliku ili ponovno učitajte stranicu.,Пројекат није обрисан. Вратите се на прву реплику или поново учитајте страницу.,Проектът не е изтрит. Върнете се към първата реплика или презаредете страницата.,Проект не удалён. Вернитесь к первой реплике или перезагрузите страницу.,Проєкт не видалено. Поверніться до першої репліки або перезавантажте сторінку.
crash.firstCue,Torna alla prima battuta,Back to the first cue,Tillbaka till första repliken,Tilbage til første replik,Tilbake til første replikk,Palaa ensimmäiseen repliikkiin,Wróć do pierwszej kwestii,Zpět na první repliku,Späť na prvú repliku,Natrag na prvu repliku,Назад на прву реплику,Към първата реплика,К первой реплике,До першої репліки
crash.reload,Ricarica,Reload,Läs in igen,Genindlæs,Last inn på nytt,Lataa uudelleen,Odśwież,Znovu načíst,Znova načítať,Ponovno učitaj,Поново учитај,Презареди,Перезагрузить,Перезавантажити
crash.unknown,Errore sconosciuto,Unknown error,Okänt fel,Ukendt fejl,Ukjent feil,Tuntematon virhe,Nieznany błąd,Neznámá chyba,Neznáma chyba,Nepoznata pogreška,Непозната грешка,Неизвестна грешка,Неизвестная ошибка,Невідома помилка
map.title,Mappa,Map,Översikt,Oversigt,Oversikt,Kartta,Mapa,Mapa,Mapa,Pregled,Мапа,Карта,Карта,Мапа
map.aria,Mappa dello spettacolo,Show map,Föreställningens översikt,Forestillingens oversigt,Oversikt over forestillingen,Esityksen kartta,Mapa spektaklu,Mapa inscenace,Mapa inscenácie,Pregled predstave,Мапа представе,Карта на спектакъла,Карта спектакля,Мапа вистави
map.hint,Clic: vai all’inizio della sezione,Click: go to the start of the section,Klick: gå till början av avsnittet,Klik: gå til starten af afsnittet,Klikk: gå til starten av delen,Napsauta: siirry osion alkuun,"Kliknij, aby przejść na początek sekcji",Kliknutí: přejít na začátek oddílu,Kliknutie: prejsť na začiatok časti,Klik: idi na početak dijela,Клик: иди на почетак одељка,Щракване: към началото на раздела,Щелчок: перейти к началу раздела,Клацання: перейти до початку розділу
map.subtitle,Indice dello spettacolo,Show outline,Föreställningens innehåll,Forestillingens indhold,Innholdet i forestillingen,Esityksen sisällys,Spis treści spektaklu,Obsah inscenace,Prehľad inscenácie,Sadržaj predstave,Садржај представе,Структура на спектакъла,Структура спектакля,Зміст вистави
map.add.title,Inserisci un marcatore prima della battuta selezionata,Insert a marker before the selected cue,Infoga ett märke före den markerade repliken,Indsæt en markør før den valgte replik,Sett inn en markør før den valgte replikken,Lisää merkintä valitun repliikin eteen,Wstaw znacznik przed zaznaczoną kwestią,Vložit značku před vybranou repliku,Vložiť značku pred vybranú repliku,Umetni oznaku prije odabrane replike,Уметни ознаку испред изабране реплике,Вмъкни маркер преди избраната реплика,Вставить метку перед выбранной репликой,Вставити мітку перед вибраною реплікою
map.add.aria,Inserisci marcatore,Insert marker,Infoga märke,Indsæt markør,Sett inn markør,Lisää merkintä,Wstaw znacznik,Vložit značku,Vložiť značku,Umetni oznaku,Уметни ознаку,Вмъкни маркер,Вставить метку,Вставити мітку
map.start,Inizio,Start,Början,Start,Start,Alku,Początek,Začátek,Začiatok,Početak,Почетак,Начало,Начало,Початок
map.range.none,nessuna battuta,no cues,inga repliker,ingen replikker,ingen replikker,ei repliikkejä,brak kwestii,žádné repliky,žiadne repliky,nema replika,нема реплика,няма реплики,нет реплик,немає реплік
map.range.single,battuta {number},cue {number},replik {number},replik {number},replikk {number},repliikki {number},kwestia {number},replika {number},replika {number},replika {number},реплика {number},реплика {number},реплика {number},репліка {number}
map.goTo,Vai a {title},Go to {title},Gå till {title},Gå til {title},Gå til {title},Siirry: {title},Przejdź do: {title},Přejít na: {title},Prejsť na: {title},Idi na {title},Иди на: {title},Към {title},Перейти: {title},Перейти до: {title}
map.emptySection,{title}: nessuna battuta in questa sezione,{title}: no cues in this section,{title}: inga repliker i det här avsnittet,{title}: ingen replikker i dette afsnit,{title}: ingen replikker i denne delen,{title}: osiossa ei ole repliikkejä,{title}: brak kwestii w tej sekcji,{title}: v tomto oddílu nejsou žádné repliky,{title}: v tejto časti nie sú žiadne repliky,{title}: nema replika u ovom dijelu,{title}: нема реплика у овом одељку,{title}: няма реплики в този раздел,{title}: в этом разделе нет реплик,{title}: у цьому розділі немає реплік
map.empty,Seleziona la battuta dove inizia un atto o una scena e premi <icon/> per inserire un marcatore.,Select the cue where an act or scene begins and press <icon/> to insert a marker.,Markera repliken där en akt eller scen börjar och tryck på <icon/> för att infoga ett märke.,"Vælg den replik, hvor en akt eller scene begynder, og tryk på <icon/> for at indsætte en markør.","Velg replikken der en akt eller scene begynner, og trykk på <icon/> for å sette inn en markør.","Valitse repliikki, josta näytös tai kohtaus alkaa, ja lisää merkintä painamalla <icon/>.","Zaznacz kwestię, od której zaczyna się akt lub scena, i naciśnij <icon/>, aby wstawić znacznik.","Vyberte repliku, kterou začíná jednání nebo scéna, a stisknutím <icon/> vložte značku.","Vyberte repliku, ktorou sa začína dejstvo alebo scéna, a stlačením <icon/> vložte značku.",Odaberite repliku kojom počinje čin ili scena i pritisnite <icon/> da biste umetnuli oznaku.,Изаберите реплику где почиње чин или сцена и притисните <icon/> да бисте уметнули ознаку.,"Изберете репликата, с която започва действие или сцена, и натиснете <icon/>, за да вмъкнете маркер.","Выберите реплику, с которой начинается действие или сцена, и нажмите <icon/>, чтобы вставить метку.","Виберіть репліку, з якої починається дія або сцена, і натисніть <icon/>, щоб вставити мітку."
time.title,Tempi,Timing,Tider,Tider,Tidtaking,Ajoitus,Czasy,Časování,Časovanie,Vrijeme,Тајминг,Хронометраж,Хронометраж,Хронометраж
time.dialog.clear.title,Azzera i tempi delle battute,Clear cue timings,Nollställ replikernas tider,Nulstil replikkernes tider,Nullstill replikktidene,Nollaa repliikkien ajat,Wyzeruj czasy kwestii,Vymazat časy replik,Vymazať časy replík,Poništi vremena replika,Поништи времена реплика,Изчистване на времената на репликите,Сбросить время реплик,Скинути час реплік
time.dialog.clear.message,Vuoi cancellare i tempi registrati di tutte le battute? Le durate delle recite restano.,Delete the recorded timings of all cues? Performance durations are kept.,Vill du radera de inspelade tiderna för alla repliker? Föreställningarnas längd sparas.,Vil du slette de registrerede tider for alle replikker? Forestillingernes varighed bevares.,Vil du slette de registrerte tidene for alle replikker? Varigheten til forestillingene beholdes.,Poistetaanko kaikkien repliikkien tallennetut ajat? Esityskertojen kestot säilyvät.,Usunąć zapisane czasy wszystkich kwestii? Długości przedstawień zostaną zachowane.,Chcete smazat zaznamenané časy všech replik? Délky představení zůstanou zachovány.,Chcete vymazať zaznamenané časy všetkých replík? Dĺžky predstavení zostanú zachované.,Želite li izbrisati snimljena vremena svih replika? Trajanja izvedbi ostaju.,Желите ли да обришете забележена времена свих реплика? Трајања извођења остају сачувана.,Да се изтрият ли записаните времена на всички реплики? Продължителността на представленията се запазва.,Удалить записанное время всех реплик? Продолжительность показов сохранится.,Видалити записаний час усіх реплік? Тривалість показів збережеться.
time.dialog.clear.confirm,Azzera tempi,Clear timings,Nollställ tider,Nulstil tider,Nullstill tider,Nollaa ajat,Wyzeruj czasy,Vymazat časy,Vymazať časy,Poništi vremena,Поништи времена,Изчисти времената,Сбросить время,Скинути час
time.dialog.reset.title,Azzera il cronometro,Reset the stopwatch,Nollställ tidtagaruret,Nulstil stopuret,Nullstill stoppeklokken,Nollaa ajanotto,Wyzeruj stoper,Vynulovat stopky,Vynulovať stopky,Poništi štopericu,Поништи штоперицу,Нулиране на хронометъра,Сбросить секундомер,Скинути секундомір
time.dialog.reset.message,Il tempo di questa recita verrà azzerato senza essere salvato.,The time of this performance will be reset without being saved.,Tiden för den här föreställningen nollställs utan att sparas.,Tiden for denne forestilling nulstilles uden at blive gemt.,Tiden for denne forestillingen nullstilles uten å bli lagret.,Tämän esityskerran aika nollataan tallentamatta.,Czas tego przedstawienia zostanie wyzerowany bez zapisywania.,Čas tohoto představení bude vynulován bez uložení.,Čas tohto predstavenia sa vynuluje bez uloženia.,Vrijeme ove izvedbe bit će poništeno bez spremanja.,Време овог извођења биће поништено без чувања.,"Времето на това представление ще бъде нулирано, без да се запише.",Время этого показа будет сброшено без сохранения.,Час цього показу буде скинуто без збереження.
time.dialog.reset.confirm,Azzera,Reset,Nollställ,Nulstil,Nullstill,Nollaa,Wyzeruj,Vynulovat,Vynulovať,Poništi,Поништи,Нулирай,Сбросить,Скинути
time.status.running,in corso,running,pågår,kører,går,käynnissä,trwa,běží,beží,u tijeku,у току,тече,идёт,триває
time.status.paused,in pausa,paused,pausad,på pause,på pause,tauolla,wstrzymano,pozastaveno,pozastavené,pauzirano,паузирано,на пауза,на паузе,пауза
time.status.idle,fermo,stopped,stoppad,stoppet,stoppet,pysäytetty,zatrzymano,zastaveno,zastavené,zaustavljeno,заустављено,спрян,остановлен,зупинено
time.pause,Pausa,Pause,Paus,Pause,Pause,Tauko,Wstrzymaj,Pozastavit,Pozastaviť,Pauza,Пауза,Пауза,Пауза,Пауза
time.resume,Riprendi,Resume,Fortsätt,Fortsæt,Fortsett,Jatka,Wznów,Pokračovat,Pokračovať,Nastavi,Настави,Продължи,Продолжить,Продовжити
time.start,Avvia,Start,Starta,Start,Start,Käynnistä,Start,Spustit,Spustiť,Pokreni,Покрени,Старт,Старт,Старт
time.finish,Termina,Finish,Avsluta,Afslut,Avslutt,Lopeta,Zakończ,Ukončit,Ukončiť,Završi,Заврши,Край,Завершить,Завершити
time.finish.title,Ferma e salva le durate di questa recita,Stop and save the durations of this performance,Stoppa och spara tiderna för den här föreställningen,Stop og gem varigheden af denne forestilling,Stopp og lagre varigheten til denne forestillingen,Pysäytä ja tallenna tämän esityskerran kestot,Zatrzymaj i zapisz długości tego przedstawienia,Zastavit a uložit délky tohoto představení,Zastaviť a uložiť dĺžky tohto predstavenia,Zaustavi i spremi trajanja ove izvedbe,Заустави и сачувај трајања овог извођења,Спри и запиши продължителността на това представление,Остановить и сохранить продолжительность этого показа,Зупинити й зберегти тривалість цього показу
time.reset,Azzera senza salvare,Reset without saving,Nollställ utan att spara,Nulstil uden at gemme,Nullstill uten å lagre,Nollaa tallentamatta,Wyzeruj bez zapisywania,Vynulovat bez uložení,Vynulovať bez uloženia,Poništi bez spremanja,Поништи без чувања,Нулирай без запис,Сбросить без сохранения,Скинути без збереження
time.cues.title,Tempi delle battute,Cue timings,Replikernas tider,Replikkernes tider,Replikktider,Repliikkien ajat,Czasy kwestii,Časy replik,Časy replík,Vremena replika,Времена реплика,Времена на репликите,Время реплик,Час реплік
time.cues.count,{timed} di {total},{timed} of {total},{timed} av {total},{timed} af {total},{timed} av {total},{timed}/{total},{timed} z {total},{timed} z {total},{timed} z {total},{timed} od {total},{timed} од {total},{timed} от {total},{timed} из {total},{timed} з {total}
time.mode.manual,Manuale,Manual,Manuellt,Manuel,Manuell,Manuaalinen,Ręcznie,Ručně,Ručne,Ručno,Ручно,Ръчно,Вручную,Вручну
time.mode.record,Registra,Record,Spela in,Optag,Registrer,Nauhoita,Nagrywaj,Nahrávat,Nahrávať,Snimi,Снимај,Запис,Запись,Запис
time.mode.play,Riproduci,Play,Spela upp,Afspil,Spill av,Toista,Odtwarzaj,Přehrát,Prehrať,Reproduciraj,Репродукуј,Изпълнение,Воспроизведение,Відтворення
time.manual.text,Conduci tu con Avanti. I tempi registrati non vengono usati.,You run the show with Next. Recorded timings are not used.,Du kör föreställningen med Framåt. Inspelade tider används inte.,Du styrer selv med Næste. Registrerede tider bruges ikke.,Du kjører forestillingen med Neste. Registrerte tider brukes ikke.,Ohjaat esitystä itse Seuraava-painikkeella. Tallennettuja aikoja ei käytetä.,Prowadzisz sam przyciskiem Dalej. Zapisane czasy nie są używane.,Představení řídíte sami tlačítkem Další. Zaznamenané časy se nepoužívají.,Predstavenie riadite sami tlačidlom Ďalej. Zaznamenané časy sa nepoužijú.,Predstavu vodite sami tipkom Naprijed. Snimljena vremena se ne koriste.,Ви водите представу тастером Напред. Забележена времена се не користе.,Водите вие с „Напред“. Записаните времена не се използват.,Вы ведёте спектакль кнопкой «Вперёд». Записанное время не используется.,Ви ведете виставу кнопкою «Далі». Записаний час не використовується.
time.record.step1,Porta in proiezione la prima battuta.,Project the first cue.,Projicera den första repliken.,Vis den første replik på skærmen.,Vis den første replikken på skjermen.,Projisoi ensimmäinen repliikki.,Wyświetl pierwszą kwestię.,Promítněte první repliku.,Premietnite prvú repliku.,Prikažite prvu repliku na projekciji.,Пројектујте прву реплику.,Прожектирайте първата реплика.,Выведите на экран первую реплику.,Виведіть на проєкцію першу репліку.
time.record.step2,Premi <b>Avvia</b> quando entra in scena.,Press <b>Start</b> when it comes on stage.,Tryck på <b>Starta</b> när den kommer in på scenen.,"Tryk på <b>Start</b>, når den kommer på scenen.",Trykk på <b>Start</b> når forestillingen begynner.,"Paina <b>Käynnistä</b>, kun esitys alkaa.","Naciśnij <b>Start</b>, gdy kwestia padnie na scenie.","Stiskněte <b>Spustit</b>, jakmile replika zazní na jevišti.","Keď sa začne na javisku, stlačte <b>Spustiť</b>.",Pritisnite <b>Pokreni</b> kad replika započne na sceni.,Притисните <b>Покрени</b> када она почне на сцени.,"Натиснете <b>Старт</b>, когато тя се появи на сцената.","Нажмите <b>Старт</b>, когда она прозвучит на сцене.","Натисніть <b>Старт</b>, коли вона звучить на сцені."
time.record.step3,Conduci con <b>Avanti</b>: ogni cambio viene registrato.,Run the show with <b>Next</b>: every change is recorded.,Kör med <b>Framåt</b>: varje byte spelas in.,Styr med <b>Næste</b>: hvert skift registreres.,Kjør med <b>Neste</b>: hvert skifte registreres.,Ohjaa esitystä painikkeella <b>Seuraava</b>: jokainen vaihto tallentuu.,Prowadź przyciskiem <b>Dalej</b>: każda zmiana jest zapisywana.,Řiďte představení tlačítkem <b>Další</b>: každá změna se zaznamená.,Riaďte predstavenie tlačidlom <b>Ďalej</b>: každá zmena sa zaznamená.,Vodite tipkom <b>Naprijed</b>: svaka se promjena snima.,Водите представу тастером <b>Напред</b>: свака промена се бележи.,Водете с <b>Напред</b>: всяка смяна се записва.,Ведите спектакль кнопкой <b>Вперёд</b>: каждая смена записывается.,Ведіть виставу кнопкою <b>Далі</b>: кожну зміну буде записано.
time.record.step4,Alla fine premi <b>Termina</b>.,At the end press <b>Finish</b>.,Tryck på <b>Avsluta</b> i slutet.,Tryk på <b>Afslut</b> til sidst.,Trykk på <b>Avslutt</b> til slutt.,Paina lopuksi <b>Lopeta</b>.,Na koniec naciśnij <b>Zakończ</b>.,Na konci stiskněte <b>Ukončit</b>.,Na konci stlačte <b>Ukončiť</b>.,Na kraju pritisnite <b>Završi</b>.,На крају притисните <b>Заврши</b>.,Накрая натиснете <b>Край</b>.,В конце нажмите <b>Завершить</b>.,Наприкінці натисніть <b>Завершити</b>.
time.record.running,● Registrazione in corso: ogni Avanti salva il tempo della battuta che entra.,● Recording: every Next saves the time of the incoming cue.,● Inspelning pågår: varje Framåt sparar tiden för repliken som kommer in.,"● Optager: hvert Næste gemmer tiden for den replik, der vises.",● Registrerer: hver Neste lagrer tiden for replikken som vises.,● Nauhoitus käynnissä: jokainen Seuraava tallentaa tulevan repliikin ajan.,● Nagrywanie: każde Dalej zapisuje czas wchodzącej kwestii.,● Probíhá nahrávání: každé stisknutí Další uloží čas nastupující repliky.,● Nahrávanie: každé Ďalej uloží čas nastupujúcej repliky.,● Snimanje u tijeku: svaki Naprijed sprema vrijeme replike koja ulazi.,● Снимање у току: сваки притисак на Напред чува време реплике која улази.,● Тече запис: всяко „Напред“ записва времето на идващата реплика.,● Идёт запись: каждое нажатие «Вперёд» сохраняет время новой реплики.,● Триває запис: кожне «Далі» зберігає час появи наступної репліки.
time.record.paused,In pausa: i cambi di battuta non vengono registrati.,Paused: cue changes are not recorded.,Pausad: replikbyten spelas inte in.,Sat på pause: replikskift registreres ikke.,På pause: replikkskifter registreres ikke.,Tauolla: repliikkien vaihtoja ei tallenneta.,Wstrzymano: zmiany kwestii nie są zapisywane.,Pozastaveno: změny replik se nezaznamenávají.,Pozastavené: zmeny replík sa nezaznamenávajú.,Pauzirano: promjene replika se ne snimaju.,Паузирано: промене реплика се не бележе.,На пауза: смените на репликите не се записват.,Пауза: смена реплик не записывается.,Пауза: зміни реплік не записуються.
time.play.stop,Ferma,Stop,Stoppa,Stop,Stopp,Pysäytä,Zatrzymaj,Zastavit,Zastaviť,Zaustavi,Заустави,Спри,Остановить,Зупинити
time.play.from,Riproduci da {number},Play from {number},Spela upp från {number},Afspil fra {number},Spill av fra {number},Toista kohdasta {number},Odtwarzaj od {number},Přehrát od {number},Prehrať od {number},Reproduciraj od {number},Репродукуј од {number},Изпълни от {number},Воспроизвести с реплики {number},Відтворити з {number}
time.play.playing,Le battute avanzano da sole. Avanti e Indietro restano attivi: la riproduzione riparte dalla battuta scelta.,Cues advance on their own. Next and Back still work: playback restarts from the chosen cue.,Replikerna går framåt av sig själva. Framåt och Bakåt fungerar fortfarande: uppspelningen fortsätter från den valda repliken.,Replikkerne skifter af sig selv. Næste og Tilbage virker stadig: afspilningen fortsætter fra den valgte replik.,Replikkene går videre av seg selv. Neste og Tilbake virker fortsatt: avspillingen starter på nytt fra den valgte replikken.,Repliikit vaihtuvat itsestään. Seuraava ja Edellinen toimivat edelleen: toisto jatkuu valitusta repliikistä.,Kwestie zmieniają się same. Dalej i Wstecz nadal działają: odtwarzanie wznawia się od wybranej kwestii.,Repliky se posouvají samy. Další a Zpět fungují dál: přehrávání pokračuje od zvolené repliky.,Repliky sa posúvajú samy. Ďalej a Späť naďalej fungujú: prehrávanie pokračuje od zvolenej repliky.,Replike se izmjenjuju same. Naprijed i Natrag i dalje rade: reprodukcija se nastavlja od odabrane replike.,Реплике се смењују саме. Напред и Назад и даље раде: репродукција се наставља од изабране реплике.,Репликите се сменят сами. „Напред“ и „Назад“ продължават да работят: изпълнението продължава от избраната реплика.,Реплики сменяются автоматически. «Вперёд» и «Назад» работают: воспроизведение продолжится с выбранной реплики.,Репліки змінюються самі. «Далі» й «Назад» працюють: відтворення продовжиться з вибраної репліки.
time.play.ready,Le battute avanzeranno da sole seguendo i tempi registrati.,Cues will advance on their own following the recorded timings.,Replikerna går framåt av sig själva enligt de inspelade tiderna.,Replikkerne skifter af sig selv efter de registrerede tider.,Replikkene går videre av seg selv etter de registrerte tidene.,Repliikit vaihtuvat itsestään tallennettujen aikojen mukaan.,Kwestie będą zmieniać się same według zapisanych czasów.,Repliky se budou posouvat samy podle zaznamenaných časů.,Repliky sa budú posúvať samy podľa zaznamenaných časov.,Replike će se izmjenjivati same prema snimljenim vremenima.,"Реплике ће се смењивати саме, према забележеним временима.",Репликите ще се сменят сами според записаните времена.,Реплики будут сменяться автоматически по записанному времени.,Репліки змінюватимуться самі за записаним часом.
time.play.noTime,Questa battuta non ha un tempo registrato: scegline una con il tempo per partire.,This cue has no recorded time: pick one with a time to start.,Den här repliken har ingen inspelad tid: välj en med tid för att starta.,Denne replik har ingen registreret tid: vælg en med tid for at starte.,Denne replikken har ingen registrert tid: velg en med tid for å starte.,"Tällä repliikillä ei ole tallennettua aikaa: aloita repliikistä, jolla on aika.","Ta kwestia nie ma zapisanego czasu: wybierz kwestię z czasem, aby zacząć.",Tato replika nemá zaznamenaný čas: pro spuštění vyberte repliku s časem.,Táto replika nemá zaznamenaný čas: na spustenie vyberte repliku s časom.,Ova replika nema snimljeno vrijeme: za početak odaberite repliku s vremenom.,Ова реплика нема забележено време: изаберите неку са временом да бисте почели.,"Тази реплика няма записано време: изберете реплика с време, за да започнете.",У этой реплики нет записанного времени: для старта выберите реплику со временем.,Ця репліка не має записаного часу: виберіть для старту репліку з часом.
time.play.none,Nessun tempo registrato: usa prima <b>Registra</b> durante una prova.,No timings recorded yet: first use <b>Record</b> during a rehearsal.,Inga inspelade tider: använd först <b>Spela in</b> under en repetition.,Ingen registrerede tider endnu: brug først <b>Optag</b> under en prøve.,Ingen registrerte tider: bruk først <b>Registrer</b> under en prøve.,Aikoja ei ole tallennettu: käytä ensin toimintoa <b>Nauhoita</b> harjoituksen aikana.,Brak zapisanych czasów: najpierw użyj opcji <b>Nagrywaj</b> podczas próby.,Nejsou zaznamenány žádné časy: nejprve použijte <b>Nahrávat</b> během zkoušky.,Zatiaľ nie sú zaznamenané žiadne časy: najprv počas skúšky použite <b>Nahrávať</b>.,Nema snimljenih vremena: najprije upotrijebite <b>Snimi</b> tijekom probe.,Нема забележених времена: прво користите <b>Снимај</b> током пробе.,Няма записани времена: първо използвайте <b>Запис</b> по време на репетиция.,Время ещё не записано: сначала используйте <b>Запись</b> на репетиции.,Записаного часу немає: спершу скористайтеся режимом <b>Запис</b> під час репетиції.
time.clear,Azzera tempi delle battute,Clear cue timings,Nollställ replikernas tider,Nulstil replikkernes tider,Nullstill replikktider,Nollaa repliikkien ajat,Wyzeruj czasy kwestii,Vymazat časy replik,Vymazať časy replík,Poništi vremena replika,Поништи времена реплика,Изчисти времената на репликите,Сбросить время реплик,Скинути час реплік
time.last,Ultima recita · {date},Last performance · {date},Senaste föreställning · {date},Seneste forestilling · {date},Siste forestilling · {date},Viimeisin esityskerta · {date},Ostatnie przedstawienie · {date},Poslední představení · {date},Posledné predstavenie · {date},Posljednja izvedba · {date},Последње извођење · {date},Последно представление · {date},Последний показ · {date},Останній показ · {date}
time.previous,Recite precedenti ({count}),Previous performances ({count}),Tidigare föreställningar ({count}),Tidligere forestillinger ({count}),Tidligere forestillinger ({count}),Aiemmat esityskerrat ({count}),Poprzednie przedstawienia ({count}),Předchozí představení ({count}),Predchádzajúce predstavenia ({count}),Prethodne izvedbe ({count}),Претходна извођења ({count}),Предишни представления ({count}),Предыдущие показы ({count}),Попередні покази ({count})
time.hint,Avvia all’inizio della recita. Con i marcatori della Mappa misura anche ogni atto; “Termina” salva le durate nel progetto.,Start at the beginning of the performance. With Map markers it also times each act; “Finish” saves the durations in the project.,Starta när föreställningen börjar. Med märkena i Översikt tas även tid på varje akt; ”Avsluta” sparar tiderna i projektet.,Start ved forestillingens begyndelse. Med markørerne i Oversigt tages også tid på hver akt; »Afslut« gemmer varighederne i projektet.,Start ved begynnelsen av forestillingen. Med markørene i Oversikt tas også tiden for hver akt; «Avslutt» lagrer varighetene i prosjektet.,Käynnistä esityskerran alussa. Kartan merkintöjen avulla myös jokainen näytös ajastetaan; ”Lopeta” tallentaa kestot projektiin.,Uruchom na początku przedstawienia. Dzięki znacznikom z Mapy mierzy też każdy akt; „Zakończ” zapisuje długości w projekcie.,Spusťte na začátku představení. Se značkami z Mapy změří i jednotlivá jednání; „Ukončit“ uloží délky do projektu.,Spustite na začiatku predstavenia. So značkami z Mapy odmeria aj každé dejstvo; „Ukončiť“ uloží dĺžky do projektu.,Pokrenite na početku izvedbe. S oznakama iz Pregleda mjeri i svaki čin; „Završi“ sprema trajanja u projekt.,Покрените на почетку извођења. Уз ознаке из Мапе мери и сваки чин; „Заврши“ чува трајања у пројекту.,Стартирайте в началото на представлението. С маркерите от Картата се засича и всяко действие; „Край“ записва продължителността в проекта.,Нажмите «Старт» в начале показа. С метками на Карте хронометрируется и каждое действие; «Завершить» сохраняет продолжительность в проекте.,Запустіть на початку показу. З мітками Мапи вимірюється й кожна дія; «Завершити» зберігає тривалість у проєкті.
tools.title,Strumenti,Tools,Verktyg,Værktøjer,Verktøy,Työkalut,Narzędzia,Nástroje,Nástroje,Alati,Алатке,Инструменти,Инструменты,Інструменти
tools.tab.check,Verifica,Check,Kontroll,Kontrol,Kontroll,Tarkistus,Sprawdzanie,Kontrola,Kontrola,Provjera,Провера,Проверка,Проверка,Перевірка
tools.tab.clean,Pulizia,Clean up,Rensning,Oprydning,Opprydding,Siivous,Porządkowanie,Čištění,Čistenie,Čišćenje,Чишћење,Почистване,Очистка,Очищення
tools.cue,Battuta {number},Cue {number},Replik {number},Replik {number},Replikk {number},Repliikki {number},Kwestia {number},Replika {number},Replika {number},Replika {number},Реплика {number},Реплика {number},Реплика {number},Репліка {number}
tools.cue.info,{lines} · {chars} caratteri,{lines} · {chars} characters,{lines} · {chars} tecken,{lines} · {chars} tegn,{lines} · {chars} tegn,{lines} · {chars} merkkiä,{lines} · znaki: {chars},{lines} · znaky: {chars},{lines} · znaky: {chars},{lines} · {chars} znakova,{lines} · знакова: {chars},{lines} · {chars} знака,{lines} · символов: {chars},{lines} · символів: {chars}
tools.cue.empty,vuota in {language},empty in {language},tom på {language},tom på {language},tom på {language},tyhjä ({language}),pusta ({language}),prázdná ({language}),prázdna v jazyku {language},prazna na jeziku: {language},празна ({language}),празна на {language},пустая ({language}),порожня мовою: {language}
tools.noIssues,Nessun problema nel copione in {language}.,No issues in the {language} script.,Inga problem i manuset på {language}.,Ingen problemer i manuskriptet på {language}.,Ingen problemer i manuset på {language}.,Käsikirjoituksessa ei ole ongelmia ({language}).,Brak problemów w scenariuszu ({language}).,Ve scénáři ({language}) nejsou žádné problémy.,Text v jazyku {language} nemá žiadne problémy.,Nema problema u tekstu na jeziku: {language}.,Нема проблема у сценарију ({language}).,Няма проблеми в текста на {language}.,Проблем в сценарии нет ({language}).,У тексті мовою {language} проблем немає.
tools.issue.hint,{detail} {cues}: clic per andare alla prossima.,{detail} {cues}: click to go to the next one.,{detail} {cues}: klicka för att gå till nästa.,{detail} {cues}: klik for at gå til den næste.,{detail} {cues}: klikk for å gå til neste.,{detail} {cues}: siirry seuraavaan napsauttamalla.,"{detail} {cues}: kliknij, aby przejść do następnej.",{detail} {cues}: kliknutím přejdete na další.,{detail} {cues}: kliknutím prejdete na ďalšiu.,{detail} {cues}: kliknite za sljedeću.,{detail} {cues}: кликните да бисте прешли на следећу.,"{detail} {cues}: щракнете, за да отидете на следващата.","{detail} {cues}: щёлкните, чтобы перейти к следующей.","{detail} {cues}: клацніть, щоб перейти до наступної."
tools.contrast.error,Colori dello schermo poco leggibili,Screen colours hard to read,Skärmens färger är svårlästa,Skærmfarverne er svære at læse,Skjermfargene er vanskelige å lese,Näytön värit vaikealukuiset,Kolory ekranu słabo czytelne,Barvy obrazovky jsou špatně čitelné,Farby obrazovky sú zle čitateľné,Boje zaslona teško su čitljive,Боје екрана су слабо читљиве,Трудно четими цветове на екрана,Цвета экрана плохо читаются,Кольори екрана погано читаються
tools.contrast.warning,Colori dello schermo appena sufficienti,Screen colours barely readable,Skärmens färger är knappt läsbara,Skærmfarverne er knap læsbare,Skjermfargene er så vidt lesbare,Näytön värit juuri ja juuri luettavat,Kolory ekranu ledwo czytelne,Barvy obrazovky jsou sotva čitelné,Farby obrazovky sú sotva čitateľné,Boje zaslona jedva su čitljive,Боје екрана су једва довољно читљиве,Едва четими цветове на екрана,Цвета экрана читаются с трудом,Кольори екрана ледве читаються
tools.contrast.detail,testo e sfondo troppo simili · cambia i colori in Schermi,text and background too similar · change the colours in Screens,text och bakgrund för lika · ändra färgerna under Skärmar,tekst og baggrund ligner hinanden for meget · skift farverne under Skærme,tekst og bakgrunn er for like · endre fargene i Skjermer,teksti ja tausta liian samankaltaiset · vaihda värit kohdassa Näytöt,tekst i tło zbyt podobne · zmień kolory w Ekranach,text a pozadí jsou si příliš podobné · změňte barvy v Obrazovkách,text a pozadie sú príliš podobné · zmeňte farby v časti Obrazovky,tekst i pozadina previše su slični · promijenite boje u Zaslonima,текст и позадина су превише слични · промените боје у одељку Екрани,текстът и фонът са твърде сходни · сменете цветовете в „Екрани“,текст и фон слишком похожи · измените цвета в разделе «Экраны»,текст і тло надто схожі · змініть кольори в розділі «Екрани»
tools.limit.title,Caratteri per riga,Characters per line,Tecken per rad,Tegn pr. linje,Tegn per linje,Merkkejä riville,Znaki na wiersz,Znaky na řádek,Znaky na riadok,Znakova po retku,Знакова по реду,Знаци на ред,Символов в строке,Символів у рядку
tools.limit.custom,Numero di caratteri per riga,Number of characters per line,Antal tecken per rad,Antal tegn pr. linje,Antall tegn per linje,Merkkien määrä riville,Liczba znaków na wiersz,Počet znaků na řádek,Počet znakov na riadok,Broj znakova po retku,Број знакова по реду,Брой знаци на ред,Число символов в строке,Кількість символів у рядку
check.missing.title,Controllo testi mancanti,Missing text check,Kontroll av saknad text,Kontrol af manglende tekst,Kontroll av manglende tekst,Puuttuvien tekstien tarkistus,Brakujące teksty,Kontrola chybějících textů,Kontrola chýbajúcich textov,Provjera nedostajućeg teksta,Провера текстова који недостају,Проверка за липсващ текст,Проверка отсутствующего текста,Перевірка відсутнього тексту
check.missing.single,senza testo in questa lingua,no text in this language,utan text på det här språket,uden tekst på dette sprog,uten tekst på dette språket,ei tekstiä tällä kielellä,bez tekstu w tym języku,bez textu v tomto jazyce,bez textu v tomto jazyku,bez teksta na ovom jeziku,без текста на овом језику,без текст на този език,без текста на этом языке,без тексту цією мовою
check.missing.detail,Battute senza testo nella lingua di lavoro.,Cues with no text in the working language.,Repliker utan text på arbetsspråket.,Replikker uden tekst på arbejdssproget.,Replikker uten tekst på arbeidsspråket.,"Repliikit, joilla ei ole tekstiä työkielellä.",Kwestie bez tekstu w języku roboczym.,Repliky bez textu v pracovním jazyce.,Repliky bez textu v pracovnom jazyku.,Replike bez teksta na radnom jeziku.,Реплике без текста на радном језику.,Реплики без текст на работния език.,Реплики без текста на рабочем языке.,Репліки без тексту робочою мовою.
check.lines.title,Controllo righe,Line count check,Kontroll av rader,Kontrol af linjer,Kontroll av linjer,Rivimäärän tarkistus,Liczba wierszy,Kontrola řádků,Kontrola riadkov,Provjera redaka,Провера редова,Проверка на редовете,Проверка строк,Перевірка рядків
check.lines.single,con più di due righe,more than two lines,med fler än två rader,med mere end to linjer,med mer enn to linjer,yli kaksi riviä,ponad dwa wiersze,s více než dvěma řádky,viac ako dva riadky,s više od dva retka,са више од два реда,с повече от два реда,больше двух строк,понад два рядки
check.lines.detail,Battute con più di due righe.,Cues with more than two lines.,Repliker med fler än två rader.,Replikker med mere end to linjer.,Replikker med mer enn to linjer.,"Repliikit, joissa on yli kaksi riviä.",Kwestie mające ponad dwa wiersze.,Repliky s více než dvěma řádky.,Repliky s viac ako dvoma riadkami.,Replike s više od dva retka.,Реплике са више од два реда.,Реплики с повече от два реда.,Реплики длиннее двух строк.,"Репліки, що мають понад два рядки."
check.long.title,Controllo lunghezza,Length check,Kontroll av längd,Kontrol af længde,Kontroll av lengde,Pituuden tarkistus,Długość,Kontrola délky,Kontrola dĺžky,Provjera duljine,Провера дужине,Проверка на дължината,Проверка длины,Перевірка довжини
check.long.single,troppo lunga,too long,för lång,for lang,for lang,liian pitkä,za długa,příliš dlouhá,príliš dlhá,preduga,предугачка,твърде дълга,слишком длинная,задовга
check.long.detail,Più di {limit} caratteri in una riga o {total} in tutto.,More than {limit} characters in a line or {total} in total.,Fler än {limit} tecken på en rad eller {total} totalt.,Mere end {limit} tegn på en linje eller {total} i alt.,Mer enn {limit} tegn på én linje eller {total} totalt.,Yli {limit} merkkiä rivillä tai yli {total} yhteensä.,Ponad {limit} znaków w wierszu lub {total} łącznie.,Více než {limit} znaků na řádku nebo {total} celkem.,Riadok má viac znakov ako {limit} alebo celý text viac ako {total}.,Više od {limit} znakova u retku ili {total} ukupno.,Више од {limit} знакова у једном реду или {total} укупно.,Над {limit} знака на ред или над {total} общо.,Символов в строке больше {limit} или всего больше {total}.,У рядку більше ніж {limit} символів або загалом більше ніж {total}.
check.spacing.title,Controllo spazi,Spacing check,Kontroll av mellanslag,Kontrol af mellemrum,Kontroll av mellomrom,Välilyöntien tarkistus,Spacje,Kontrola mezer,Kontrola medzier,Provjera razmaka,Провера размака,Проверка на интервалите,Проверка пробелов,Перевірка пробілів
check.spacing.single,con spazi da sistemare,spacing to fix,med mellanslag att rätta,"med mellemrum, der skal rettes",med mellomrom som må rettes,korjattavia välilyöntejä,spacje do poprawienia,s mezerami k opravě,medzery na opravu,s razmacima za ispravak,са размацима за исправку,с интервали за оправяне,нужно исправить пробелы,пробіли треба виправити
check.spacing.detail,Spazi doppi o fuori posto: la scheda Pulizia li corregge.,Double or misplaced spaces: the Clean up tab fixes them.,Dubbla eller felplacerade mellanslag: fliken Rensning rättar dem.,Dobbelte eller forkert placerede mellemrum: fanen Oprydning retter dem.,Doble eller feilplasserte mellomrom: fanen Opprydding retter dem.,Kaksinkertaisia tai väärin sijoitettuja välilyöntejä: Siivous-välilehti korjaa ne.,Podwójne lub źle postawione spacje: karta Porządkowanie je poprawia.,Dvojité nebo nesprávně umístěné mezery: opraví je karta Čištění.,Dvojité alebo nesprávne umiestnené medzery: opraví ich karta Čistenie.,Dvostruki ili pogrešno postavljeni razmaci: kartica Čišćenje ih ispravlja.,Двоструки или погрешно постављени размаци: картица Чишћење их исправља.,Двойни или излишни интервали: разделът „Почистване“ ги поправя.,Двойные или лишние пробелы: их исправляет вкладка «Очистка».,Подвійні або зайві пробіли: їх виправить вкладка «Очищення».
clean.scope,Cosa correggere,What to fix,Vad ska rättas,Hvad skal rettes,Hva skal rettes,Mitä korjataan,Co poprawić,Co opravit,Čo opraviť,Što ispraviti,Шта исправити,Какво да се поправи,Что исправить,Що виправити
clean.scope.cue,Battuta {number},Cue {number},Replik {number},Replik {number},Replikk {number},Repliikki {number},Kwestia {number},Replika {number},Replika {number},Replika {number},Реплика {number},Реплика {number},Реплика {number},Репліка {number}
clean.scope.all,Tutto il copione,Whole script,Hela manuset,Hele manuskriptet,Hele manuset,Koko käsikirjoitus,Cały scenariusz,Celý scénář,Celý text,Cijeli tekst,Цео сценарио,Целият текст,Весь сценарий,Увесь текст
clean.spaces.label,Spazi,Spaces,Mellanslag,Mellemrum,Mellomrom,Välilyönnit,Spacje,Mezery,Medzery,Razmaci,Размаци,Интервали,Пробелы,Пробіли
clean.spaces.help,"Toglie spazi doppi, spazi prima della punteggiatura e spazi a inizio o fine riga.","Removes double spaces, spaces before punctuation and spaces at the start or end of a line.","Tar bort dubbla mellanslag, mellanslag före skiljetecken och mellanslag i början eller slutet av en rad.","Fjerner dobbelte mellemrum, mellemrum før tegnsætning og mellemrum i starten eller slutningen af en linje.","Fjerner doble mellomrom, mellomrom foran tegnsetting og mellomrom i starten eller slutten av en linje.","Poistaa kaksinkertaiset välilyönnit, välimerkkejä edeltävät välilyönnit sekä välilyönnit rivin alusta ja lopusta.","Usuwa podwójne spacje, spacje przed interpunkcją oraz spacje na początku i końcu wiersza.","Odstraní dvojité mezery, mezery před interpunkcí a mezery na začátku nebo konci řádku.","Odstráni dvojité medzery, medzery pred interpunkciou a medzery na začiatku alebo konci riadka.","Uklanja dvostruke razmake, razmake ispred interpunkcije te razmake na početku ili kraju retka.","Уклања двоструке размаке, размаке испред интерпункције и размаке на почетку или крају реда.","Премахва двойните интервали, интервалите пред пунктуационни знаци и в началото или края на реда.","Удаляет двойные пробелы, пробелы перед знаками препинания и в начале или конце строки.","Прибирає подвійні пробіли, пробіли перед розділовими знаками та на початку або в кінці рядка."
clean.emptyLines.label,Righe vuote,Empty lines,Tomma rader,Tomme linjer,Tomme linjer,Tyhjät rivit,Puste wiersze,Prázdné řádky,Prázdne riadky,Prazni retci,Празни редови,Празни редове,Пустые строки,Порожні рядки
clean.emptyLines.help,Eliminare eventuali righe presenti vuote dentro le battute,Remove any empty lines inside cues,Tar bort eventuella tomma rader inuti replikerna.,Fjern eventuelle tomme linjer inde i replikkerne,Fjerner eventuelle tomme linjer inne i replikkene,Poista repliikkien sisällä olevat tyhjät rivit,Usuń puste wiersze wewnątrz kwestii,Odstraní případné prázdné řádky uvnitř replik,Odstrániť prázdne riadky vo vnútri replík,Uklanja prazne retke unutar replika,Уклања празне редове унутар реплика,Премахва празните редове вътре в репликите,Удалить пустые строки внутри реплик,Видаляє порожні рядки всередині реплік
clean.typography.label,Tipografia,Typography,Typografi,Typografi,Typografi,Typografia,Typografia,Typografie,Typografia,Tipografija,Типографија,Типография,Типографика,Типографіка
clean.typography.help,Apostrofo tipografico (’) e tre puntini in un solo carattere (…).,Typographic apostrophe (’) and three dots as a single character (…).,Typografisk apostrof (’) och tre punkter som ett enda tecken (…).,Typografisk apostrof (’) og tre prikker som ét tegn (…).,Typografisk apostrof (’) og tre prikker som ett tegn (…).,Typografinen heittomerkki (’) ja kolme pistettä yhtenä merkkinä (…).,Apostrof typograficzny (’) i wielokropek jako jeden znak (…).,Typografický apostrof (’) a tři tečky jako jeden znak (…).,Typografický apostrof (’) a tri bodky ako jeden znak (…).,Tipografski apostrof (’) i tri točke kao jedan znak (…).,Типографски апостроф (’) и три тачке као један знак (…).,Типографски апостроф (’) и многоточие като един знак (…).,Типографский апостроф (’) и многоточие одним символом (…).,Типографський апостроф (’) і три крапки одним символом (…).
clean.footnote,Vale per tutte le lingue. In francese lo spazio davanti a ; : ! ? viene mantenuto (come spazio unificatore).,Applies to all languages. In French the space before ; : ! ? is kept (as a non-breaking space).,Gäller alla språk. På franska behålls mellanslaget före ; : ! ? (som hårt mellanslag).,Gælder for alle sprog. På fransk bevares mellemrummet foran ; : ! ? (som hårdt mellemrum).,Gjelder alle språk. På fransk beholdes mellomrommet foran ; : ! ? (som hardt mellomrom).,Koskee kaikkia kieliä. Ranskassa merkkejä ; : ! ? edeltävä välilyönti säilytetään (sitovana välilyöntinä).,Dotyczy wszystkich języków. W języku francuskim spacja przed ; : ! ? zostaje zachowana (jako spacja nierozdzielająca).,Platí pro všechny jazyky. Ve francouzštině se mezera před ; : ! ? zachová (jako nezlomitelná mezera).,Platí pre všetky jazyky. Vo francúzštine sa medzera pred ; : ! ? zachová (ako nezlomiteľná medzera).,Vrijedi za sve jezike. U francuskom se razmak ispred ; : ! ? zadržava (kao neprekidni razmak).,Важи за све језике. У француском се размак испред ; : ! ? задржава (као неприломни размак).,Важи за всички езици. На френски интервалът пред ; : ! ? се запазва (като неразделим интервал).,Действует для всех языков. Во французском пробел перед ; : ! ? сохраняется (как неразрывный).,Застосовується до всіх мов. У французькій пробіл перед ; : ! ? зберігається (як нерозривний пробіл).
clean.apply.cue,Correggi la battuta {number},Fix cue {number},Rätta replik {number},Ret replik {number},Rett replikk {number},Korjaa repliikki {number},Popraw kwestię {number},Opravit repliku {number},Opraviť repliku {number},Ispravi repliku {number},Исправи реплику {number},Поправи реплика {number},Исправить реплику {number},Виправити репліку {number}
clean.apply.all,Correggi tutto il copione,Fix the whole script,Rätta hela manuset,Ret hele manuskriptet,Rett hele manuset,Korjaa koko käsikirjoitus,Popraw cały scenariusz,Opravit celý scénář,Opraviť celý text,Ispravi cijeli tekst,Исправи цео сценарио,Поправи целия текст,Исправить весь сценарий,Виправити весь текст
clean.none,Attiva almeno una correzione.,Turn on at least one fix.,Slå på minst en rättning.,Slå mindst én rettelse til.,Slå på minst én retting.,Ota käyttöön vähintään yksi korjaus.,Włącz co najmniej jedną poprawkę.,Zapněte alespoň jednu opravu.,Zapnite aspoň jednu opravu.,Uključite barem jedan ispravak.,Укључите бар једну исправку.,Включете поне една корекция.,Включите хотя бы одно исправление.,Увімкніть принаймні одне виправлення.
clean.done.one,{count} battuta corretta. Puoi annullare con Command/Ctrl+Z.,{count} cue fixed. You can undo with Command/Ctrl+Z.,{count} replik rättad. Du kan ångra med Command/Ctrl+Z.,{count} replik rettet. Du kan fortryde med Command/Ctrl+Z.,{count} replikk rettet. Du kan angre med Command/Ctrl+Z.,{count} repliikki korjattu. Voit kumota painamalla Command/Ctrl+Z.,Poprawiono {count} kwestię. Możesz cofnąć za pomocą Command/Ctrl+Z.,Opravena {count} replika. Vrátit zpět můžete pomocí Command/Ctrl+Z.,Opravená {count} replika. Môžete to vrátiť späť pomocou Command/Ctrl+Z.,{count} replika ispravljena. Možete poništiti s Command/Ctrl+Z.,Исправљена је {count} реплика. Можете да опозовете помоћу Command/Ctrl+Z.,Поправена е {count} реплика. Можете да отмените с Command/Ctrl+Z.,Исправлена {count} реплика. Можно отменить сочетанием Command/Ctrl+Z.,Виправлено {count} репліку. Скасувати можна сполученням Command/Ctrl+Z.
clean.done.other,{count} battute corrette. Puoi annullare con Command/Ctrl+Z.,{count} cues fixed. You can undo with Command/Ctrl+Z.,{count} repliker rättade. Du kan ångra med Command/Ctrl+Z.,{count} replikker rettet. Du kan fortryde med Command/Ctrl+Z.,{count} replikker rettet. Du kan angre med Command/Ctrl+Z.,{count} repliikkiä korjattu. Voit kumota painamalla Command/Ctrl+Z.,Poprawiono {count} kwestii. Możesz cofnąć za pomocą Command/Ctrl+Z.,Opraveno {count} replik. Vrátit zpět můžete pomocí Command/Ctrl+Z.,Opravených {count} replík. Môžete to vrátiť späť pomocou Command/Ctrl+Z.,{count} replika ispravljeno. Možete poništiti s Command/Ctrl+Z.,Исправљено је {count} реплика. Можете да опозовете помоћу Command/Ctrl+Z.,Поправени са {count} реплики. Можете да отмените с Command/Ctrl+Z.,Исправлено {count} реплики. Можно отменить сочетанием Command/Ctrl+Z.,Виправлено {count} репліки. Скасувати можна сполученням Command/Ctrl+Z.
clean.done.few,,,,,,,Poprawiono {count} kwestie. Możesz cofnąć za pomocą Command/Ctrl+Z.,Opraveny {count} repliky. Vrátit zpět můžete pomocí Command/Ctrl+Z.,Opravené {count} repliky. Môžete to vrátiť späť pomocou Command/Ctrl+Z.,{count} replike ispravljene. Možete poništiti s Command/Ctrl+Z.,Исправљене су {count} реплике. Можете да опозовете помоћу Command/Ctrl+Z.,,Исправлены {count} реплики. Можно отменить сочетанием Command/Ctrl+Z.,Виправлено {count} репліки. Скасувати можна сполученням Command/Ctrl+Z.
clean.done.many,,,,,,,Poprawiono {count} kwestii. Możesz cofnąć za pomocą Command/Ctrl+Z.,Opraveno {count} repliky. Vrátit zpět můžete pomocí Command/Ctrl+Z.,Opravené repliky: {count}. Môžete to vrátiť späť pomocou Command/Ctrl+Z.,,,,Исправлено {count} реплик. Можно отменить сочетанием Command/Ctrl+Z.,Виправлено {count} реплік. Скасувати можна сполученням Command/Ctrl+Z.
clean.nothing,Niente da correggere.,Nothing to fix.,Inget att rätta.,Intet at rette.,Ingenting å rette.,Ei korjattavaa.,Nie ma nic do poprawienia.,Není co opravit.,Nie je čo opraviť.,Nema ništa za ispraviti.,Нема шта да се исправи.,Няма нищо за поправяне.,Исправлять нечего.,Нічого виправляти.
shortcuts.title,Scorciatoie,Shortcuts,Kortkommandon,Genveje,Hurtigtaster,Pikanäppäimet,Skróty,Zkratky,Skratky,Prečaci,Пречице,Клавиши,Сочетания клавиш,Скорочення
shortcuts.aria,Scorciatoie da tastiera,Keyboard shortcuts,Kortkommandon,Tastaturgenveje,Hurtigtaster,Pikanäppäimet,Skróty klawiaturowe,Klávesové zkratky,Klávesové skratky,Tipkovnički prečaci,Пречице на тастатури,Клавишни комбинации,Сочетания клавиш,Клавіатурні скорочення
shortcuts.action.next,Avanti,Next,Framåt,Næste,Neste,Seuraava,Dalej,Další,Ďalej,Naprijed,Напред,Напред,Вперёд,Далі
shortcuts.action.next.detail,Proietta la battuta successiva,Projects the next cue,Projicerar nästa replik,Viser den næste replik,Viser neste replikk,Projisoi seuraavan repliikin,Wyświetla następną kwestię,Promítne další repliku,Premietne nasledujúcu repliku,Prikazuje sljedeću repliku,Пројектује следећу реплику,Прожектира следващата реплика,Выводит следующую реплику,Показує наступну репліку
shortcuts.action.previous,Indietro,Back,Bakåt,Tilbage,Tilbake,Edellinen,Wstecz,Zpět,Späť,Natrag,Назад,Назад,Назад,Назад
shortcuts.action.previous.detail,Torna alla battuta precedente,Goes back to the previous cue,Går tillbaka till föregående replik,Går tilbage til den forrige replik,Går tilbake til forrige replikk,Palaa edelliseen repliikkiin,Wraca do poprzedniej kwestii,Vrátí se na předchozí repliku,Vráti sa na predchádzajúcu repliku,Vraća na prethodnu repliku,Враћа на претходну реплику,Връща към предишната реплика,Возвращает предыдущую реплику,Повертає до попередньої репліки
shortcuts.action.blackout,Schermo vuoto,Blackout,Svart skärm,Blackout,Svart skjerm,Pimennys,Wygaszenie,Zatemnění,Zatemnenie,Prazan zaslon,Затамњење,Затъмнение,Затемнение,Порожній екран
shortcuts.action.blackout.detail,Oscura o riaccende lo schermo,Blanks or restores the screen,Släcker eller tänder skärmen,Gør skærmen sort eller viser den igen,Gjør skjermen svart eller slår den på igjen,Pimentää näytön tai palauttaa sen,Wygasza lub przywraca ekran,Zatemní nebo znovu rozsvítí obrazovku,Zatemní alebo znova rozsvieti obrazovku,Zatamnjuje ili ponovno uključuje zaslon,Затамњује екран или га поново укључује,Затъмнява или възстановява екрана,Гасит или снова включает экран,Затемнює або знову вмикає екран
shortcuts.action.fullscreen,Schermo intero,Fullscreen,Helskärm,Fuld skærm,Fullskjerm,Koko näyttö,Pełny ekran,Celá obrazovka,Celá obrazovka,Cijeli zaslon,Цео екран,Цял екран,Полный экран,На весь екран
shortcuts.action.fullscreen.detail,Apre l’anteprima a tutto schermo,Opens the preview in fullscreen,Öppnar förhandsvisningen i helskärm,Åbner eksemplet på fuld skærm,Åpner forhåndsvisningen i fullskjerm,Avaa esikatselun koko näytön tilaan,Otwiera podgląd na pełnym ekranie,Otevře náhled na celou obrazovku,Otvorí náhľad na celú obrazovku,Otvara pretpregled preko cijelog zaslona,Отвара преглед преко целог екрана,Отваря прегледа на цял екран,Открывает предпросмотр на весь экран,Відкриває попередній перегляд на весь екран
shortcuts.action.browseNext,Seleziona successiva,Select next,Markera nästa,Vælg næste,Velg neste,Valitse seuraava,Zaznacz następną,Vybrat další,Vybrať nasledujúcu,Odaberi sljedeću,Изабери следећу,Избери следващата,Выбрать следующую,Вибрати наступну
shortcuts.action.browseNext.detail,Scorre l’elenco senza proiettare,Moves through the list without projecting,Bläddrar i listan utan att projicera,Gennemser listen uden at vise på skærmen,Blar i listen uten å vise på skjermen,Selaa luetteloa projisoimatta,Przewija listę bez wyświetlania,Posouvá se seznamem bez promítání,Posúva sa zoznamom bez premietania,Pomiče se kroz popis bez projiciranja,Креће се кроз листу без пројектовања,Движи се по списъка без прожектиране,Перемещает по списку без вывода на экран,Гортає список без проєкції
shortcuts.action.browsePrevious,Seleziona precedente,Select previous,Markera föregående,Vælg forrige,Velg forrige,Valitse edellinen,Zaznacz poprzednią,Vybrat předchozí,Vybrať predchádzajúcu,Odaberi prethodnu,Изабери претходну,Избери предишната,Выбрать предыдущую,Вибрати попередню
shortcuts.action.browsePrevious.detail,Scorre l’elenco senza proiettare,Moves through the list without projecting,Bläddrar i listan utan att projicera,Gennemser listen uden at vise på skærmen,Blar i listen uten å vise på skjermen,Selaa luetteloa projisoimatta,Przewija listę bez wyświetlania,Posouvá se seznamem bez promítání,Posúva sa zoznamom bez premietania,Pomiče se kroz popis bez projiciranja,Креће се кроз листу без пројектовања,Движи се по списъка без прожектиране,Перемещает по списку без вывода на экран,Гортає список без проєкції
shortcuts.fixed.aria,Scorciatoie fisse,Fixed shortcuts,Fasta kortkommandon,Faste genveje,Faste hurtigtaster,Kiinteät pikanäppäimet,Stałe skróty,Pevné zkratky,Pevné skratky,Fiksni prečaci,Сталне пречице,Фиксирани клавиши,Постоянные сочетания клавиш,Незмінні скорочення
shortcuts.fixed.undo,Annulla,Undo,Ångra,Fortryd,Angre,Kumoa,Cofnij,Vrátit zpět,Späť,Poništi,Опозови,Отмени,Отменить,Скасувати
shortcuts.fixed.redo,Ripeti,Redo,Gör om,Gentag,Gjør om,Tee uudelleen,Ponów,Znovu,Znova,Ponovi,Понови,Повтори,Повторить,Повторити
shortcuts.fixed.exitField,Esci dal campo di testo,Leave the text field,Lämna textfältet,Forlad tekstfeltet,Gå ut av tekstfeltet,Poistu tekstikentästä,Opuść pole tekstowe,Opustit textové pole,Opustiť textové pole,Izađi iz tekstnog polja,Изађи из текстуалног поља,Излез от текстовото поле,Выйти из текстового поля,Вийти з текстового поля
shortcuts.key.Space,Spazio,Space,Mellanslag,Mellemrum,Mellomrom,Välilyönti,Spacja,Mezerník,Medzerník,Razmaknica,Размак,Интервал,Пробел,Пробіл
shortcuts.key.Enter,Invio,Return,Retur,Retur,Enter,Enter,Enter,Enter,Enter,Enter,Enter,Enter,Enter,Enter
shortcuts.key.Delete,Canc,Del,Delete,Delete,Delete,Del,Delete,Delete,Delete,Del,Delete,Delete,Delete,Del
shortcuts.key.PageUp,Pag ↑,Page ↑,Page ↑,Page ↑,Page ↑,Page ↑,PgUp,Page ↑,Page ↑,Page ↑,Page ↑,Page ↑,Page ↑,Page ↑
shortcuts.key.PageDown,Pag ↓,Page ↓,Page ↓,Page ↓,Page ↓,Page ↓,PgDn,Page ↓,Page ↓,Page ↓,Page ↓,Page ↓,Page ↓,Page ↓
shortcuts.key.Home,Inizio,Home,Home,Home,Home,Home,Home,Home,Home,Home,Home,Home,Home,Home
shortcuts.key.End,Fine,End,End,End,End,End,End,End,End,End,End,End,End,End
shortcuts.key.numpad,{key} (tast. num.),{key} (keypad),{key} (numeriskt),{key} (numerisk),{key} (talltastatur),{key} (numeronäpp.),{key} (kl. num.),{key} (num. klávesnice),{key} (num. klávesnica),{key} (num. tipkovnica),{key} (нум. тастатура),{key} (цифр. клав.),{key} (цифр. блок),{key} (цифр. блок)
shortcuts.press,Premi…,Press…,Tryck…,Tryk…,Trykk …,Paina…,Naciśnij…,Stiskněte…,Stlačte…,Pritisnite…,Притисните…,Натиснете…,Нажмите…,Натисніть…
shortcuts.recording.title,Premi il nuovo tasto (Esc annulla),Press the new key (Esc cancels),Tryck på den nya tangenten (Esc avbryter),Tryk på den nye tast (Esc annullerer),Trykk på den nye tasten (Esc avbryter),Paina uutta näppäintä (Esc peruuttaa),Naciśnij nowy klawisz (Esc anuluje),Stiskněte novou klávesu (Esc zruší),Stlačte nový kláves (Esc zruší),Pritisnite novu tipku (Esc za odustajanje),Притисните нови тастер (Esc за отказивање),Натиснете новия клавиш (Esc отменя),Нажмите новую клавишу (Esc — отмена),Натисніть нову клавішу (Esc — скасувати)
shortcuts.change.title,Clic per cambiare tasto,Click to change the key,Klicka för att byta tangent,Klik for at skifte tast,Klikk for å endre tast,Vaihda näppäin napsauttamalla,"Kliknij, aby zmienić klawisz",Kliknutím změníte klávesu,Kliknutím zmeníte kláves,Kliknite za promjenu tipke,Кликните да бисте променили тастер,"Щракнете, за да смените клавиша","Щёлкните, чтобы сменить клавишу","Клацніть, щоб змінити клавішу"
shortcuts.change.aria,{action}: {key}. Cambia tasto,{action}: {key}. Change key,{action}: {key}. Byt tangent,{action}: {key}. Skift tast,{action}: {key}. Endre tast,{action}: {key}. Vaihda näppäin,{action}: {key}. Zmień klawisz,{action}: {key}. Změnit klávesu,{action}: {key}. Zmeniť kláves,{action}: {key}. Promijeni tipku,{action}: {key}. Промени тастер,{action}: {key}. Смяна на клавиша,{action}: {key}. Сменить клавишу,{action}: {key}. Змінити клавішу
shortcuts.remove.aria,Togli {key} da {action},Remove {key} from {action},Ta bort {key} från {action},Fjern {key} fra {action},Fjern {key} fra {action},Poista {key} toiminnosta {action},Usuń {key} z akcji: {action},Odebrat klávesu {key} z akce {action},Odobrať {key} z akcie {action},Ukloni {key} iz radnje {action},Уклони {key} из радње {action},Премахни {key} от {action},Убрать {key} из действия «{action}»,Прибрати {key} з дії «{action}»
shortcuts.remove.title,Togli questo tasto,Remove this key,Ta bort den här tangenten,Fjern denne tast,Fjern denne tasten,Poista tämä näppäin,Usuń ten klawisz,Odebrat tuto klávesu,Odobrať tento kláves,Ukloni ovu tipku,Уклони овај тастер,Премахни този клавиш,Убрать эту клавишу,Прибрати цю клавішу
shortcuts.add.aria,Aggiungi un tasto per {action},Add a key for {action},Lägg till en tangent för {action},Tilføj en tast til {action},Legg til en tast for {action},Lisää näppäin toiminnolle {action},Dodaj klawisz dla akcji: {action},Přidat klávesu pro akci {action},Pridať kláves pre akciu {action},Dodaj tipku za radnju {action},Додај тастер за радњу {action},Добави клавиш за {action},Добавить клавишу для действия «{action}»,Додати клавішу для дії «{action}»
shortcuts.add.title,Aggiungi un tasto,Add a key,Lägg till en tangent,Tilføj en tast,Legg til en tast,Lisää näppäin,Dodaj klawisz,Přidat klávesu,Pridať kláves,Dodaj tipku,Додај тастер,Добави клавиш,Добавить клавишу,Додати клавішу
shortcuts.hint.recording,Premi il tasto da usare. Esc annulla.,Press the key to use. Esc cancels.,Tryck på tangenten som ska användas. Esc avbryter.,"Tryk på den tast, du vil bruge. Esc annullerer.",Trykk på tasten du vil bruke. Esc avbryter.,Paina käytettävää näppäintä. Esc peruuttaa.,"Naciśnij klawisz, którego chcesz używać. Esc anuluje.","Stiskněte klávesu, kterou chcete použít. Esc zruší.","Stlačte kláves, ktorý chcete použiť. Esc zruší.",Pritisnite tipku koju želite koristiti. Esc za odustajanje.,Притисните тастер који желите да користите. Esc отказује.,"Натиснете клавиша, който да се използва. Esc отменя.",Нажмите нужную клавишу. Esc — отмена.,Натисніть потрібну клавішу. Esc — скасувати.
shortcuts.hint.modifiers,"Cmd, Ctrl e Alt restano al sistema: scegli un tasto senza questi.","Cmd, Ctrl and Alt are kept for the system: choose a key without them.","Cmd, Ctrl och Alt är reserverade för systemet: välj en tangent utan dem.","Cmd, Ctrl og Alt er forbeholdt systemet: vælg en tast uden dem.","Cmd, Ctrl og Alt er forbeholdt systemet: velg en tast uten disse.","Cmd, Ctrl ja Alt on varattu järjestelmälle: valitse näppäin ilman niitä.","Cmd, Ctrl i Alt są zarezerwowane dla systemu: wybierz klawisz bez nich.","Cmd, Ctrl a Alt jsou vyhrazeny systému: zvolte klávesu bez nich.","Cmd, Ctrl a Alt sú vyhradené pre systém: vyberte kláves bez nich.","Cmd, Ctrl i Alt rezervirani su za sustav: odaberite tipku bez njih.","Cmd, Ctrl и Alt су резервисани за систем: изаберите тастер без њих.","Cmd, Ctrl и Alt са запазени за системата: изберете клавиш без тях.","Cmd, Ctrl и Alt зарезервированы системой: выберите клавишу без них.","Cmd, Ctrl і Alt зарезервовано для системи: виберіть клавішу без них."
shortcuts.hint.invalid,Questo tasto non si può assegnare.,This key cannot be assigned.,Den här tangenten kan inte tilldelas.,Denne tast kan ikke tildeles.,Denne tasten kan ikke tilordnes.,Tätä näppäintä ei voi määrittää.,Nie można przypisać tego klawisza.,Tuto klávesu nelze přiřadit.,Tento kláves nemožno priradiť.,Ova se tipka ne može dodijeliti.,Овај тастер не може да се додели.,Този клавиш не може да бъде зададен.,Эту клавишу назначить нельзя.,Цю клавішу не можна призначити.
shortcuts.hint.moved,{key} tolto da “{action}”.,{key} removed from “{action}”.,{key} togs bort från ”{action}”.,{key} fjernet fra »{action}«.,{key} fjernet fra «{action}».,{key} poistettu toiminnosta ”{action}”.,Usunięto {key} z akcji „{action}”.,Klávesa {key} odebrána z akce „{action}“.,Kláves {key} bol odobratý z akcie „{action}“.,{key} uklonjena iz radnje „{action}“.,{key} је уклоњен из радње „{action}“.,{key} е премахнат от „{action}“.,Клавиша {key} убрана из действия «{action}».,{key} прибрано з дії «{action}».
shortcuts.reset,Ripristina tasti predefiniti,Restore default keys,Återställ standardtangenter,Gendan standardtaster,Gjenopprett standardtaster,Palauta oletusnäppäimet,Przywróć domyślne klawisze,Obnovit výchozí klávesy,Obnoviť predvolené klávesy,Vrati zadane tipke,Врати подразумеване тастере,Възстанови клавишите по подразбиране,Восстановить клавиши по умолчанию,Відновити типові клавіші
cues.current,Attuale,Live,Aktuell,Aktuel,Nå,Nyt,Bieżąca,Aktuální,Aktuálna,Trenutna,Тренутна,Текуща,Текущая,Поточна
cues.blackout,Schermo vuoto,Blackout,Svart skärm,Blackout,Svart skjerm,Pimennys,Wygaszenie,Zatemnění,Zatemnenie,Prazan zaslon,Затамњење,Затъмнение,Затемнение,Порожній екран
cues.list.title,Battute,Cues,Repliker,Replikker,Replikker,Repliikit,Kwestie,Repliky,Repliky,Replike,Реплике,Реплики,Реплики,Репліки
cues.list.aria,Sopratitoli in sequenza,Surtitles in sequence,Övertexter i ordning,Overtekster i rækkefølge,Overtekster i rekkefølge,Tekstitysrepliikit järjestyksessä,Napisy w kolejności,Titulky v pořadí,Titulky v poradí,Nadnaslovi redom,Надтитлови по редоследу,Надписи в последователност,Титры по порядку,Супертитри за порядком
cues.empty,Sopratitolo vuoto,Empty surtitle,Tom övertext,Tom overtekst,Tom overtekst,Tyhjä repliikki,Pusty napis,Prázdný titulek,Prázdny titulok,Prazan nadnaslov,Празан надтитл,Празен надпис,Пустой титр,Порожній супертитр
cues.next,Prossima,Next,Nästa,Næste,Neste,Seuraava,Następna,Další,Nasledujúca,Sljedeća,Следећа,Следваща,Следующая,Наступна
cues.recordedTime,Tempo registrato: quando entra la battuta,Recorded time: when the cue comes in,Inspelad tid: när repliken kommer in,Registreret tid: når replikken vises,Registrert tid: når replikken vises,Tallennettu aika: kun repliikki tulee näkyviin,Zapisany czas: wejście kwestii,Zaznamenaný čas: kdy replika nastupuje,Zaznamenaný čas: kedy replika nastúpi,Snimljeno vrijeme: kada replika ulazi,Забележено време: када реплика улази,Записано време: кога се появява репликата,Записанное время: когда появляется реплика,Записаний час: коли з’являється репліка
cues.expand,Espandi modifica sopratitolo {number},Expand editor for surtitle {number},Öppna redigering av övertext {number},Udvid redigering af overtekst {number},Utvid redigering av overtekst {number},Laajenna repliikin {number} muokkaus,Rozwiń edycję napisu {number},Rozbalit úpravy titulku {number},Rozbaliť úpravu titulku {number},Proširi uređivanje nadnaslova {number},Прошири уређивање надтитла {number},Разгъни редактирането на надпис {number},Развернуть редактор титра {number},Розгорнути редагування супертитру {number}
cues.collapse,Chiudi modifica sopratitolo {number},Close editor for surtitle {number},Stäng redigering av övertext {number},Luk redigering af overtekst {number},Lukk redigering av overtekst {number},Sulje repliikin {number} muokkaus,Zamknij edycję napisu {number},Zavřít úpravy titulku {number},Zavrieť úpravu titulku {number},Zatvori uređivanje nadnaslova {number},Затвори уређивање надтитла {number},Затвори редактирането на надпис {number},Закрыть редактор титра {number},Закрити редагування супертитру {number}
cues.inlineText,Testo sopratitolo {number},Text of surtitle {number},Text i övertext {number},Tekst til overtekst {number},Tekst i overtekst {number},Repliikin {number} teksti,Tekst napisu {number},Text titulku {number},Text titulku {number},Tekst nadnaslova {number},Текст надтитла {number},Текст на надпис {number},Текст титра {number},Текст супертитру {number}
cues.note.edit,Clic per modificare la nota,Click to edit the note,Klicka för att redigera anteckningen,Klik for at redigere noten,Klikk for å redigere notatet,Muokkaa huomautusta napsauttamalla,"Kliknij, aby edytować notatkę",Kliknutím upravíte poznámku,Kliknutím upravíte poznámku,Kliknite za uređivanje bilješke,Кликните да бисте изменили белешку,"Щракнете, за да редактирате бележката","Щёлкните, чтобы изменить заметку","Клацніть, щоб змінити нотатку"
cues.note.label,Nota operatore,Operator note,Operatörsanteckning,Note til operatøren,Operatørnotat,Ajajan huomautus,Notatka operatora,Poznámka pro operátora,Poznámka pre operátora,Bilješka za operatera,Белешка за оператера,Бележка за оператора,Заметка оператора,Нотатка оператора
marker.row.title,Doppio clic: modifica marcatore,Double-click: edit marker,Dubbelklick: redigera märke,Dobbeltklik: rediger markør,Dobbeltklikk: rediger markør,Kaksoisnapsauta: muokkaa merkintää,"Kliknij dwukrotnie, aby edytować znacznik",Dvojklik: upravit značku,Dvojité kliknutie: upraviť značku,Dvostruki klik: uredi oznaku,Двоструки клик: измени ознаку,Двойно щракване: редактиране на маркера,Двойной щелчок: изменить метку,Подвійне клацання: змінити мітку
marker.edit,Modifica marcatore,Edit marker,Redigera märke,Rediger markør,Rediger markør,Muokkaa merkintää,Edytuj znacznik,Upravit značku,Upraviť značku,Uredi oznaku,Измени ознаку,Редактирай маркера,Изменить метку,Змінити мітку
marker.edit.aria,Modifica marcatore {title},Edit marker {title},Redigera märket {title},Rediger markør {title},Rediger markør {title},Muokkaa merkintää: {title},Edytuj znacznik {title},Upravit značku {title},Upraviť značku {title},Uredi oznaku {title},Измени ознаку {title},Редактирай маркер {title},Изменить метку «{title}»,Змінити мітку {title}
marker.delete,Elimina marcatore,Delete marker,Radera märke,Slet markør,Slett markør,Poista merkintä,Usuń znacznik,Odstranit značku,Odstrániť značku,Izbriši oznaku,Обриши ознаку,Изтрий маркера,Удалить метку,Видалити мітку
marker.delete.aria,Elimina marcatore {title},Delete marker {title},Radera märket {title},Slet markør {title},Slett markør {title},Poista merkintä: {title},Usuń znacznik {title},Odstranit značku {title},Odstrániť značku {title},Izbriši oznaku {title},Обриши ознаку {title},Изтрий маркер {title},Удалить метку «{title}»,Видалити мітку {title}
conductor.aria,Comandi di conduzione,Show controls,Körningskontroller,Forestillingsstyring,Kjørekontroller,Esityksen ohjaimet,Sterowanie spektaklem,Ovládání představení,Ovládanie predstavenia,Upravljanje predstavom,Команде за вођење представе,Управление на спектакъла,Управление показом,Керування виставою
conductor.back,Indietro,Back,Bakåt,Tilbage,Tilbake,Edellinen,Wstecz,Zpět,Späť,Natrag,Назад,Назад,Назад,Назад
conductor.next,Avanti,Next,Framåt,Næste,Neste,Seuraava,Dalej,Další,Ďalej,Naprijed,Напред,Напред,Вперёд,Далі
conductor.goTo.label,Vai a battuta,Go to cue,Gå till replik,Gå til replik,Gå til replikk,Siirry repliikkiin,Przejdź do kwestii,Přejít na repliku,Prejsť na repliku,Idi na repliku,Иди на реплику,Към реплика,Перейти к реплике,Перейти до репліки
conductor.goTo.title,"Numero di battuta, parola del testo o titolo di un marcatore (es. atto 2)","Cue number, a word from the text or a marker title (e.g. act 2)","Replikens nummer, ett ord ur texten eller ett märkes titel (t.ex. akt 2)","Replikkens nummer, et ord fra teksten eller en markørs titel (f.eks. akt 2)","Replikknummer, et ord fra teksten eller tittelen på en markør (f.eks. akt 2)","Repliikin numero, sana tekstistä tai merkinnän otsikko (esim. näytös 2)","Numer kwestii, słowo z tekstu lub tytuł znacznika (np. akt 2)","Číslo repliky, slovo z textu nebo název značky (např. jednání 2)","Číslo repliky, slovo z textu alebo názov značky (napr. dejstvo 2)","Broj replike, riječ iz teksta ili naslov oznake (npr. čin 2)","Број реплике, реч из текста или наслов ознаке (нпр. чин 2)","Номер на реплика, дума от текста или заглавие на маркер (напр. действие 2)","Номер реплики, слово из текста или название метки (напр. действие 2)","Номер репліки, слово з тексту або назва мітки (напр. дія 2)"
conductor.goTo.placeholder,Vai a: n° o parola,Go to: no. or word,Gå till: nr eller ord,Gå til: nr. eller ord,Gå til: nr. eller ord,Siirry: nro tai sana,Przejdź do: nr lub słowo,Přejít na: č. nebo slovo,Prejsť na: č. alebo slovo,Idi na: br. ili riječ,Иди на: бр. или реч,Към: № или дума,Перейти: № или слово,Перейти: № або слово
conductor.goTo.missed,Nessuna battuta trovata,No cue found,Ingen replik hittades,Ingen replik fundet,Fant ingen replikk,Repliikkiä ei löytynyt,Nie znaleziono kwestii,Žádná replika nenalezena,Nenašla sa žiadna replika,Nije pronađena nijedna replika,Није пронађена ниједна реплика,Не е намерена реплика,Реплика не найдена,Репліку не знайдено
conductor.showText,Mostra testo,Show text,Visa text,Vis tekst,Vis tekst,Näytä teksti,Pokaż tekst,Zobrazit text,Zobraziť text,Prikaži tekst,Прикажи текст,Покажи текста,Показать текст,Показати текст
conductor.blackout,Schermo vuoto,Blackout,Svart skärm,Blackout,Svart skjerm,Pimennys,Wygaszenie,Zatemnění,Zatemnenie,Prazan zaslon,Затамњење,Затъмнение,Затемнение,Порожній екран
conductor.projection,Proiezione,Projection,Projicering,Projektion,Projeksjon,Projisointi,Projekcja,Projekce,Projekcia,Projekcija,Пројекција,Прожекция,Проекция,Проєкція
conductor.projection.title,Apri o mostra la finestra di proiezione,Open or show the projection window,Öppna eller visa projiceringsfönstret,Åbn eller vis projektionsvinduet,Åpne eller vis projeksjonsvinduet,Avaa tai näytä projisointi-ikkuna,Otwórz lub pokaż okno projekcji,Otevřít nebo zobrazit okno projekce,Otvoriť alebo zobraziť okno projekcie,Otvori ili prikaži prozor projekcije,Отвори или прикажи прозор за пројекцију,Отвори или покажи прозореца за прожекция,Открыть или показать окно проекции,Відкрити або показати вікно проєкції
conductor.projection.aria,Apri proiezione,Open projection,Öppna projicering,Åbn projektion,Åpne projeksjon,Avaa projisointi,Otwórz projekcję,Otevřít projekci,Otvoriť projekciu,Otvori projekciju,Отвори пројекцију,Отвори прожекцията,Открыть проекцию,Відкрити проєкцію
rightColumn.aria,Proprietà,Properties,Egenskaper,Egenskaber,Egenskaper,Ominaisuudet,Właściwości,Vlastnosti,Vlastnosti,Svojstva,Својства,Свойства,Свойства,Властивості
toolbar.aria,Modifica struttura sopratitoli,Edit surtitle structure,Redigera övertexternas struktur,Rediger overteksternes struktur,Rediger strukturen i overtekstene,Muokkaa tekstityksen rakennetta,Edycja struktury napisów,Úprava struktury titulků,Úprava štruktúry titulkov,Uređivanje strukture nadnaslova,Измена структуре надтитлова,Редактиране на структурата на надписите,Изменение структуры титров,Зміна структури супертитрів
toolbar.addAfter,Aggiungi dopo,Add after,Lägg till efter,Tilføj efter,Legg til etter,Lisää jälkeen,Dodaj po,Přidat za,Pridať za,Dodaj iza,Додај после,Добави след,Добавить после,Додати після
toolbar.addAfter.aria,Aggiungi sopratitolo dopo,Add surtitle after,Lägg till övertext efter,Tilføj overtekst efter,Legg til overtekst etter,Lisää repliikki jälkeen,Dodaj napis po,Přidat titulek za,Pridať titulok za,Dodaj nadnaslov iza,Додај надтитл после,Добави надпис след,Добавить титр после,Додати супертитр після
toolbar.split,Dividi,Split,Dela,Opdel,Del,Jaa,Podziel,Rozdělit,Rozdeliť,Podijeli,Подели,Раздели,Разделить,Розділити
toolbar.split.aria,Dividi sopratitolo,Split surtitle,Dela övertext,Opdel overtekst,Del overtekst,Jaa repliikki,Podziel napis,Rozdělit titulek,Rozdeliť titulok,Podijeli nadnaslov,Подели надтитл,Раздели надписа,Разделить титр,Розділити супертитр
toolbar.merge,Unisci con successiva,Merge with next,Slå ihop med nästa,Flet med næste,Slå sammen med neste,Yhdistä seuraavaan,Scal z następną,Sloučit s další,Zlúčiť s nasledujúcou,Spoji sa sljedećom,Спој са следећом,Слей със следващата,Объединить со следующей,Об’єднати з наступною
toolbar.merge.aria,Unisci con il sopratitolo successivo,Merge with the next surtitle,Slå ihop med nästa övertext,Flet med den næste overtekst,Slå sammen med neste overtekst,Yhdistä seuraavaan repliikkiin,Scal z następnym napisem,Sloučit s následujícím titulkem,Zlúčiť s nasledujúcim titulkom,Spoji sa sljedećim nadnaslovom,Спој са следећим надтитлом,Слей със следващия надпис,Объединить со следующим титром,Об’єднати з наступним супертитром
toolbar.marker,"Inserisci marcatore (atto, scena…) prima della battuta","Insert marker (act, scene…) before the cue","Infoga märke (akt, scen …) före repliken","Indsæt markør (akt, scene…) før replikken","Sett inn markør (akt, scene …) før replikken","Lisää merkintä (näytös, kohtaus…) repliikin eteen","Wstaw znacznik (akt, scena…) przed kwestią","Vložit značku (jednání, scéna…) před repliku","Vložiť značku (dejstvo, scéna…) pred repliku","Umetni oznaku (čin, scena…) prije replike","Уметни ознаку (чин, сцена…) испред реплике","Вмъкни маркер (действие, сцена…) преди репликата","Вставить метку (действие, сцена…) перед репликой","Вставити мітку (дія, сцена…) перед реплікою"
toolbar.marker.aria,Inserisci marcatore prima della battuta selezionata,Insert marker before the selected cue,Infoga märke före den markerade repliken,Indsæt markør før den valgte replik,Sett inn markør før den valgte replikken,Lisää merkintä valitun repliikin eteen,Wstaw znacznik przed zaznaczoną kwestią,Vložit značku před vybranou repliku,Vložiť značku pred vybranú repliku,Umetni oznaku prije odabrane replike,Уметни ознаку испред изабране реплике,Вмъкни маркер преди избраната реплика,Вставить метку перед выбранной репликой,Вставити мітку перед вибраною реплікою
toolbar.delete,Elimina,Delete,Radera,Slet,Slett,Poista,Usuń,Odstranit,Odstrániť,Izbriši,Обриши,Изтрий,Удалить,Видалити
toolbar.delete.aria,Elimina sopratitolo,Delete surtitle,Radera övertext,Slet overtekst,Slett overtekst,Poista repliikki,Usuń napis,Odstranit titulek,Odstrániť titulok,Izbriši nadnaslov,Обриши надтитл,Изтрий надписа,Удалить титр,Видалити супертитр
languages.aria,Lingua delle battute,Cue language,Replikernas språk,Replikkernes sprog,Språk for replikkene,Repliikkien kieli,Język kwestii,Jazyk replik,Jazyk replík,Jezik replika,Језик реплика,Език на репликите,Язык реплик,Мова реплік
languages.progress,{language} · {filled}/{total} battute,{language} · {filled}/{total} cues,{language} · {filled}/{total} repliker,{language} · {filled}/{total} replikker,{language} · {filled}/{total} replikker,{language} · {filled}/{total} repliikkiä,{language} · kwestie: {filled}/{total},{language} · vyplněno {filled}/{total},{language} · repliky: {filled}/{total},{language} · {filled}/{total} replika,{language} · {filled}/{total} реплика,{language} · {filled}/{total} реплики,{language} · реплики: {filled}/{total},{language} · реплік: {filled}/{total}
languages.manage.title,"Lingue del progetto: aggiungi, rinomina, elimina","Project languages: add, rename, delete","Projektets språk: lägg till, byt namn, radera","Projektets sprog: tilføj, omdøb, slet","Prosjektspråk: legg til, gi nytt navn, slett","Projektin kielet: lisää, nimeä uudelleen, poista","Języki projektu: dodaj, zmień nazwę, usuń","Jazyky projektu: přidat, přejmenovat, odstranit","Jazyky projektu: pridať, premenovať, odstrániť","Jezici projekta: dodajte, preimenujte, izbrišite","Језици пројекта: додавање, преименовање, брисање","Езици на проекта: добавяне, преименуване, изтриване","Языки проекта: добавить, переименовать, удалить","Мови проєкту: додати, перейменувати, видалити"
languages.manage.aria,Gestisci le lingue del progetto,Manage project languages,Hantera projektets språk,Administrer projektets sprog,Administrer prosjektspråk,Hallitse projektin kieliä,Zarządzaj językami projektu,Spravovat jazyky projektu,Spravovať jazyky projektu,Upravljanje jezicima projekta,Управљај језицима пројекта,Управление на езиците на проекта,Управление языками проекта,Керувати мовами проєкту
editor.aria,Modifica sopratitolo {number},Edit surtitle {number},Redigera övertext {number},Rediger overtekst {number},Rediger overtekst {number},Muokkaa repliikkiä {number},Edycja napisu {number},Upravit titulek {number},Upraviť titulok {number},Uredi nadnaslov {number},Измена надтитла {number},Редактиране на надпис {number},Изменить титр {number},Редагувати супертитр {number}
editor.text.aria,Testo {language} sopratitolo {number},{language} text of surtitle {number},Text på {language} i övertext {number},Tekst på {language} til overtekst {number},Tekst på {language} i overtekst {number},Repliikin {number} teksti ({language}),Tekst napisu {number} ({language}),Text titulku {number} ({language}),Text titulku {number} ({language}),Tekst ({language}) nadnaslova {number},Текст надтитла {number} ({language}),Текст на {language} на надпис {number},Текст титра {number} ({language}),Текст супертитру {number} ({language})
editor.style.aria,Controlli di stile,Style controls,Formatkontroller,Formatering,Stilkontroller,Tyylisäätimet,Ustawienia stylu,Ovládání stylu,Ovládacie prvky štýlu,Kontrole stila,Контроле стила,Настройки на стила,Оформление,Стиль тексту
editor.bold,Grassetto,Bold,Fetstil,Fed,Fet,Lihavointi,Pogrubienie,Tučné,Tučné,Podebljano,Подебљано,Получер,Жирный,Жирний
editor.italic,Corsivo,Italic,Kursiv,Kursiv,Kursiv,Kursivointi,Kursywa,Kurzíva,Kurzíva,Kurziv,Курзив,Курсив,Курсив,Курсив
editor.underline,Sottolineato,Underline,Understruken,Understreget,Understreket,Alleviivaus,Podkreślenie,Podtržené,Podčiarknuté,Podcrtano,Подвучено,Подчертан,Подчёркнутый,Підкреслений
editor.color,Colore testo,Text colour,Textfärg,Tekstfarve,Tekstfarge,Tekstin väri,Kolor tekstu,Barva textu,Farba textu,Boja teksta,Боја текста,Цвят на текста,Цвет текста,Колір тексту
editor.smaller,Riduci dimensione testo,Decrease text size,Minska textstorlek,Formindsk tekststørrelse,Mindre tekst,Pienennä tekstiä,Zmniejsz tekst,Zmenšit text,Zmenšiť text,Smanji veličinu teksta,Смањи величину текста,Намали размера на текста,Уменьшить размер текста,Зменшити розмір тексту
editor.larger,Aumenta dimensione testo,Increase text size,Öka textstorlek,Forstør tekststørrelse,Større tekst,Suurenna tekstiä,Powiększ tekst,Zvětšit text,Zväčšiť text,Povećaj veličinu teksta,Повећај величину текста,Увеличи размера на текста,Увеличить размер текста,Збільшити розмір тексту
editor.scaleValue,Dimensione testo {value}%,Text size {value}%,Textstorlek {value} %,Tekststørrelse {value} %,Tekststørrelse {value} %,Tekstin koko {value} %,Rozmiar tekstu {value}%,Velikost textu {value} %,Veľkosť textu {value} %,Veličina teksta {value} %,Величина текста {value}%,Размер на текста {value}%,Размер текста: {value}%,Розмір тексту {value}%
editor.clear,Rimuovi formattazione,Clear formatting,Ta bort formatering,Fjern formatering,Fjern formatering,Poista muotoilu,Usuń formatowanie,Vymazat formátování,Odstrániť formátovanie,Ukloni oblikovanje,Уклони форматирање,Премахни форматирането,Убрать форматирование,Очистити форматування
editor.notes,Note operatore,Operator notes,Operatörsanteckningar,Noter til operatøren,Operatørnotater,Ajajan huomautukset,Notatki operatora,Poznámky pro operátora,Poznámky pre operátora,Bilješke za operatera,Белешке за оператера,Бележки за оператора,Заметки оператора,Нотатки оператора
editor.notes.aria,Note operatore sopratitolo {number},Operator notes for surtitle {number},Operatörsanteckningar för övertext {number},Noter til operatøren for overtekst {number},Operatørnotater for overtekst {number},Repliikin {number} ajajan huomautukset,Notatki operatora do napisu {number},Poznámky pro operátora k titulku {number},Poznámky pre operátora k titulku {number},Bilješke za operatera za nadnaslov {number},Белешке за оператера за надтитл {number},Бележки за оператора към надпис {number},Заметки оператора к титру {number},Нотатки оператора до супертитру {number}
editor.notes.placeholder,Indicazioni per la regia...,Notes for the operator...,Anvisningar för operatören …,Anvisninger til operatøren…,Notater til operatøren …,Ohjeita ajajalle…,Wskazówki dla operatora…,Pokyny pro operátora…,Pokyny pre operátora…,Upute za vođenje predstave…,Упутства за оператера…,Указания за оператора…,Указания для оператора…,Вказівки для оператора…
editor.chars.single,{count} caratteri (massimo {limit} per riga),{count} characters (maximum {limit} per line),{count} tecken (högst {limit} per rad),{count} tegn (højst {limit} pr. linje),{count} tegn (maks. {limit} per linje),{count} merkkiä (enintään {limit} riville),Znaki: {count} (maksymalnie {limit} na wiersz),Znaky: {count} (max. {limit} na řádek),Znaky: {count} (najviac {limit} na riadok),{count} znakova (najviše {limit} po retku),Знакова: {count} (највише {limit} по реду),{count} знака (най-много {limit} на ред),Символов: {count} (не более {limit} в строке),Символів: {count} (не більше {limit} у рядку)
editor.chars.multi,"Caratteri per riga: {counts} (massimo {limit} per riga, {maxLines} righe)","Characters per line: {counts} (maximum {limit} per line, {maxLines} lines)","Tecken per rad: {counts} (högst {limit} per rad, {maxLines} rader)","Tegn pr. linje: {counts} (højst {limit} pr. linje, {maxLines} linjer)","Tegn per linje: {counts} (maks. {limit} per linje, {maxLines} linjer)","Merkkejä riveittäin: {counts} (enintään {limit} riville, {maxLines} riviä)","Znaki na wiersz: {counts} (maksymalnie {limit} na wiersz, wiersze: {maxLines})","Znaky na řádek: {counts} (max. {limit} na řádek, řádky: {maxLines})","Znaky na riadok: {counts} (najviac {limit} na riadok, max. riadkov: {maxLines})",Znakova po retku: {counts} (najviše {limit} po retku; redaka najviše: {maxLines}),"Знакова по реду: {counts} (највише {limit} по реду, {maxLines} реда)","Знаци на ред: {counts} (най-много {limit} на ред, {maxLines} реда)","Символов в строках: {counts} (не более {limit} в строке, строк: {maxLines})","Символів у рядках: {counts} (не більше {limit} у рядку, рядків: {maxLines})"
editor.chars.tooManyLines,{count} righe,{count} lines,{count} rader,{count} linjer,{count} linjer,{count} riviä,Wiersze: {count},Řádky: {count},Riadky: {count},Redaka: {count},Редова: {count},{count} реда,Строк: {count},Рядків: {count}
dialog.confirm,Conferma,Confirm,Bekräfta,Bekræft,Bekreft,Vahvista,Potwierdź,Potvrdit,Potvrdiť,Potvrdi,Потврди,Потвърди,Подтвердить,Підтвердити
dialog.ok,OK,OK,OK,OK,OK,OK,OK,OK,OK,U redu,OK,OK,OK,OK
dialog.marker.type,Tipo marcatore,Marker type,Typ av märke,Markørtype,Markørtype,Merkinnän tyyppi,Typ znacznika,Typ značky,Typ značky,Vrsta oznake,Врста ознаке,Вид маркер,Тип метки,Тип мітки
dialog.marker.title,Titolo,Title,Titel,Titel,Tittel,Otsikko,Tytuł,Název,Názov,Naslov,Наслов,Заглавие,Название,Назва
dialog.marker.placeholder,"Atto I, Scena 2, Intervallo…","Act I, Scene 2, Interval…","Akt I, Scen 2, Paus …","Akt I, Scene 2, Pause…","Akt I, Scene 2, Pause …","Näytös I, Kohtaus 2, Väliaika…","Akt I, Scena 2, Przerwa…","I. jednání, 2. scéna, Přestávka…","I. dejstvo, 2. scéna, Prestávka…","I. čin, 2. scena, Stanka…","Чин I, Сцена 2, Пауза…","Действие I, Сцена 2, Антракт…","Действие I, Сцена 2, Антракт…","Дія I, Сцена 2, Антракт…"
marker.add.title,Inserisci marcatore,Insert marker,Infoga märke,Indsæt markør,Sett inn markør,Lisää merkintä,Wstaw znacznik,Vložit značku,Vložiť značku,Umetni oznaku,Уметни ознаку,Вмъкване на маркер,Вставить метку,Вставити мітку
marker.add.message.before,"Il marcatore segna l’inizio di una sezione, prima della battuta {number}. Comparirà nella mappa dello spettacolo.","The marker marks the start of a section, before cue {number}. It will appear in the show map.","Märket anger början på ett avsnitt, före replik {number}. Det visas i föreställningens översikt.",Markøren angiver starten på et afsnit før replik {number}. Den vises i forestillingens oversigt.,"Markøren angir starten på en del, før replikk {number}. Den vises i oversikten over forestillingen.",Merkintä osoittaa osion alun ennen repliikkiä {number}. Se näkyy esityksen kartassa.,"Znacznik oznacza początek sekcji, przed kwestią {number}. Pojawi się na mapie spektaklu.",Značka označuje začátek oddílu před replikou {number}. Zobrazí se v mapě inscenace.,Značka označuje začiatok časti pred replikou {number}. Zobrazí sa v mape inscenácie.,"Oznaka označava početak dijela, prije replike {number}. Pojavit će se u pregledu predstave.","Ознака обележава почетак одељка, испред реплике {number}. Појавиће се у мапи представе.","Маркерът отбелязва началото на раздел, преди реплика {number}. Ще се появи в картата на спектакъла.",Метка обозначает начало раздела перед репликой {number}. Она появится на карте спектакля.,Мітка позначає початок розділу перед реплікою {number}. Вона з’явиться на мапі вистави.
marker.add.message,Il marcatore segna l’inizio di una sezione e comparirà nella mappa dello spettacolo.,The marker marks the start of a section and will appear in the show map.,Märket anger början på ett avsnitt och visas i föreställningens översikt.,Markøren angiver starten på et afsnit og vises i forestillingens oversigt.,Markøren angir starten på en del og vises i oversikten over forestillingen.,Merkintä osoittaa osion alun ja näkyy esityksen kartassa.,Znacznik oznacza początek sekcji i pojawi się na mapie spektaklu.,Značka označuje začátek oddílu a zobrazí se v mapě inscenace.,Značka označuje začiatok časti a zobrazí sa v mape inscenácie.,Oznaka označava početak dijela i pojavit će se u pregledu predstave.,Ознака обележава почетак одељка и појавиће се у мапи представе.,Маркерът отбелязва началото на раздел и ще се появи в картата на спектакъла.,Метка обозначает начало раздела и появится на карте спектакля.,Мітка позначає початок розділу й з’явиться на мапі вистави.
marker.edit.title,Modifica marcatore,Edit marker,Redigera märke,Rediger markør,Rediger markør,Muokkaa merkintää,Edytuj znacznik,Upravit značku,Upraviť značku,Uredi oznaku,Измени ознаку,Редактиране на маркер,Изменить метку,Змінити мітку
marker.edit.message,Cambia il tipo o il titolo della sezione.,Change the type or title of the section.,Ändra avsnittets typ eller titel.,Skift afsnittets type eller titel.,Endre typen eller tittelen på delen.,Vaihda osion tyyppi tai otsikko.,Zmień typ lub tytuł sekcji.,Změňte typ nebo název oddílu.,Zmeňte typ alebo názov časti.,Promijenite vrstu ili naslov dijela.,Промените врсту или наслов одељка.,Сменете вида или заглавието на раздела.,Измените тип или название раздела.,Змініть тип або назву розділу.
marker.delete.title,Elimina marcatore,Delete marker,Radera märke,Slet markør,Slett markør,Poista merkintä,Usuń znacznik,Odstranit značku,Odstrániť značku,Izbriši oznaku,Обриши ознаку,Изтриване на маркер,Удалить метку,Видалити мітку
marker.delete.message,Vuoi eliminare il marcatore “{title}”? Le battute restano dove sono. Potrai annullare con Command/Ctrl+Z.,Delete the marker “{title}”? The cues stay where they are. You can undo with Command/Ctrl+Z.,Vill du radera märket ”{title}”? Replikerna ligger kvar där de är. Du kan ångra med Command/Ctrl+Z.,"Vil du slette markøren »{title}«? Replikkerne bliver, hvor de er. Du kan fortryde med Command/Ctrl+Z.",Vil du slette markøren «{title}»? Replikkene blir der de er. Du kan angre med Command/Ctrl+Z.,Poistetaanko merkintä ”{title}”? Repliikit pysyvät paikoillaan. Voit kumota painamalla Command/Ctrl+Z.,Usunąć znacznik „{title}”? Kwestie pozostaną na swoich miejscach. Możesz cofnąć za pomocą Command/Ctrl+Z.,Chcete odstranit značku „{title}“? Repliky zůstanou na svém místě. Vrátit zpět můžete pomocí Command/Ctrl+Z.,Chcete odstrániť značku „{title}“? Repliky zostanú na svojom mieste. Môžete to vrátiť späť pomocou Command/Ctrl+Z.,Želite li izbrisati oznaku „{title}“? Replike ostaju gdje jesu. Možete poništiti s Command/Ctrl+Z.,Желите ли да обришете ознаку „{title}“? Реплике остају где јесу. Можете да опозовете помоћу Command/Ctrl+Z.,Да се изтрие ли маркерът „{title}“? Репликите остават на мястото си. Можете да отмените с Command/Ctrl+Z.,Удалить метку «{title}»? Реплики останутся на своих местах. Это можно отменить сочетанием Command/Ctrl+Z.,Видалити мітку «{title}»? Репліки залишаться на своїх місцях. Скасувати можна сполученням Command/Ctrl+Z.
cue.delete.title,Elimina sopratitolo,Delete surtitle,Radera övertext,Slet overtekst,Slett overtekst,Poista repliikki,Usuń napis,Odstranit titulek,Odstrániť titulok,Izbriši nadnaslov,Обриши надтитл,Изтриване на надпис,Удалить титр,Видалити супертитр
cue.delete.message,Vuoi eliminare il sopratitolo {number}? Potrai annullare con Command/Ctrl+Z.,Delete surtitle {number}? You can undo with Command/Ctrl+Z.,Vill du radera övertext {number}? Du kan ångra med Command/Ctrl+Z.,Vil du slette overtekst {number}? Du kan fortryde med Command/Ctrl+Z.,Vil du slette overtekst {number}? Du kan angre med Command/Ctrl+Z.,Poistetaanko repliikki {number}? Voit kumota painamalla Command/Ctrl+Z.,Usunąć napis {number}? Możesz cofnąć za pomocą Command/Ctrl+Z.,Chcete odstranit titulek {number}? Vrátit zpět můžete pomocí Command/Ctrl+Z.,Chcete odstrániť titulok {number}? Môžete to vrátiť späť pomocou Command/Ctrl+Z.,Želite li izbrisati nadnaslov {number}? Možete poništiti s Command/Ctrl+Z.,Желите ли да обришете надтитл {number}? Можете да опозовете помоћу Command/Ctrl+Z.,Да се изтрие ли надпис {number}? Можете да отмените с Command/Ctrl+Z.,Удалить титр {number}? Это можно отменить сочетанием Command/Ctrl+Z.,Видалити супертитр {number}? Скасувати можна сполученням Command/Ctrl+Z.
cue.split.cursor.title,Posiziona il cursore,Place the cursor,Placera markören,Placer tekstmarkøren,Plasser tekstmarkøren,Sijoita kohdistin,Ustaw kursor,Umístěte kurzor,Umiestnite kurzor,Postavite pokazivač,Поставите курсор,Поставете курсора,Установите курсор,Поставте курсор
cue.split.cursor.message,Clicca nel testo della lingua che vuoi dividere e lascia il cursore nel punto esatto della separazione.,Click in the text of the language you want to split and leave the cursor exactly where the split should go.,Klicka i texten på det språk du vill dela och lämna markören exakt där delningen ska ske.,"Klik i teksten på det sprog, du vil opdele, og lad tekstmarkøren stå præcis der, hvor opdelingen skal ske.","Klikk i teksten på språket du vil dele, og la tekstmarkøren stå nøyaktig der delingen skal være.",Napsauta jaettavan kielen tekstiä ja jätä kohdistin täsmälleen jakokohtaan.,"Kliknij w tekście w języku, który chcesz podzielić, i ustaw kursor dokładnie w miejscu podziału.","Klikněte do textu jazyka, který chcete rozdělit, a nechte kurzor přesně v místě rozdělení.","Kliknite do textu v jazyku, ktorý chcete rozdeliť, a nechajte kurzor presne v mieste rozdelenia.",Kliknite u tekst jezika koji želite podijeliti i ostavite pokazivač točno na mjestu podjele.,Кликните у текст језика који желите да поделите и оставите курсор тачно на месту поделе.,"Щракнете в текста на езика, който искате да разделите, и оставете курсора точно на мястото на разделянето.","Щёлкните в тексте на языке, который нужно разделить, и оставьте курсор точно в месте разделения.","Клацніть у тексті мови, яку треба розділити, і залиште курсор точно в місці поділу."
cue.split.title,Dividi sopratitolo,Split surtitle,Dela övertext,Opdel overtekst,Del overtekst,Jaa repliikki,Podziel napis,Rozdělit titulek,Rozdeliť titulok,Podijeli nadnaslov,Подели надтитл,Разделяне на надпис,Разделить титр,Розділити супертитр
cue.split.message,Come vuoi gestire il testo delle altre lingue?,What should happen to the text in the other languages?,Vad ska hända med texten på de andra språken?,Hvad skal der ske med teksten på de andre sprog?,Hva skal skje med teksten på de andre språkene?,Mitä muiden kielten tekstille tehdään?,Co zrobić z tekstem w pozostałych językach?,Co se má stát s textem v ostatních jazycích?,Čo sa má stať s textom v ostatných jazykoch?,Što učiniti s tekstom na drugim jezicima?,Шта урадити са текстом на осталим језицима?,Какво да стане с текста на другите езици?,Что сделать с текстом на других языках?,Що зробити з текстом іншими мовами?
cue.split.first,Lascialo nella prima battuta,Keep it in the first cue,Behåll den i första repliken,Behold den i første replik,Behold den i første replikk,Jätä ensimmäiseen repliikkiin,Zostaw w pierwszej kwestii,Ponechat v první replice,Ponechať v prvej replike,Ostavi ga u prvoj replici,Остави га у првој реплици,Остави го в първата реплика,Оставить в первой реплике,Залишити в першій репліці
cue.split.second,Spostalo nella seconda battuta,Move it to the second cue,Flytta den till andra repliken,Flyt den til anden replik,Flytt den til andre replikk,Siirrä toiseen repliikkiin,Przenieś do drugiej kwestii,Přesunout do druhé repliky,Presunúť do druhej repliky,Premjesti ga u drugu repliku,Премести га у другу реплику,Премести го във втората реплика,Перенести во вторую реплику,Перенести в другу репліку
cue.split.detail,Solo la lingua sotto il cursore viene divisa.,Only the language under the cursor is split.,Bara språket under markören delas.,Kun sproget ved tekstmarkøren opdeles.,Bare språket under tekstmarkøren deles.,Vain kohdistimen kohdalla oleva kieli jaetaan.,"Dzielony jest tylko język, w którym stoi kursor.","Rozdělí se pouze jazyk, ve kterém je kurzor.","Rozdelí sa len jazyk, v ktorom je kurzor.",Dijeli se samo jezik na kojem je pokazivač.,Дели се само језик на коме је курсор.,"Разделя се само езикът, в който е курсорът.","Разделяется только язык, в котором стоит курсор.","Розділяється лише мова, у якій стоїть курсор."
error.notFound,Sopratitolo non trovato.,Surtitle not found.,Övertexten hittades inte.,Overteksten blev ikke fundet.,Fant ikke overteksten.,Repliikkiä ei löytynyt.,Nie znaleziono napisu.,Titulek nebyl nalezen.,Titulok sa nenašiel.,Nadnaslov nije pronađen.,Надтитл није пронађен.,Надписът не е намерен.,Титр не найден.,Супертитр не знайдено.
error.noPrevious,Non ci sono sopratitoli precedenti da unire.,There is no previous surtitle to merge with.,Det finns ingen föregående övertext att slå ihop med.,Der er ingen forrige overtekst at flette med.,Det finnes ingen forrige overtekst å slå sammen med.,"Edellistä repliikkiä, johon yhdistää, ei ole.",Brak poprzedniego napisu do scalenia.,Neexistuje předchozí titulek ke sloučení.,Nie je žiadny predchádzajúci titulok na zlúčenie.,Nema prethodnog nadnaslova za spajanje.,Нема претходног надтитла за спајање.,Няма предишен надпис за сливане.,Нет предыдущего титра для объединения.,Немає попереднього супертитру для об’єднання.
error.noNext,Non ci sono sopratitoli successivi da unire.,There is no next surtitle to merge with.,Det finns ingen nästa övertext att slå ihop med.,Der er ingen næste overtekst at flette med.,Det finnes ingen neste overtekst å slå sammen med.,"Seuraavaa repliikkiä, johon yhdistää, ei ole.",Brak następnego napisu do scalenia.,Neexistuje následující titulek ke sloučení.,Nie je žiadny nasledujúci titulok na zlúčenie.,Nema sljedećeg nadnaslova za spajanje.,Нема следећег надтитла за спајање.,Няма следващ надпис за сливане.,Нет следующего титра для объединения.,Немає наступного супертитру для об’єднання.
error.addFromMarker,Non puoi aggiungere un sopratitolo da un marcatore.,You cannot add a surtitle from a marker.,Du kan inte lägga till en övertext från ett märke.,Du kan ikke tilføje en overtekst fra en markør.,Du kan ikke legge til en overtekst fra en markør.,Repliikkiä ei voi lisätä merkinnästä.,Nie można dodać napisu od znacznika.,Titulek nelze přidat ze značky.,Titulok nemožno pridať zo značky.,Ne možete dodati nadnaslov iz oznake.,Не можете да додате надтитл из ознаке.,Не можете да добавите надпис от маркер.,Нельзя добавить титр от метки.,Не можна додати супертитр від мітки.
error.deleteMarker,Questa azione non elimina i marcatori.,This action does not delete markers.,Den här åtgärden raderar inte märken.,Denne handling sletter ikke markører.,Denne handlingen sletter ikke markører.,Tämä toiminto ei poista merkintöjä.,Ta operacja nie usuwa znaczników.,Tato akce neodstraňuje značky.,Táto akcia neodstraňuje značky.,Ova radnja ne briše oznake.,Ова радња не брише ознаке.,Това действие не изтрива маркери.,Это действие не удаляет метки.,Ця дія не видаляє мітки.
error.lastCue,Deve rimanere almeno un sopratitolo.,At least one surtitle must remain.,Minst en övertext måste finnas kvar.,Der skal være mindst én overtekst.,Minst én overtekst må være igjen.,Vähintään yhden repliikin on jäätävä.,Musi pozostać co najmniej jeden napis.,Musí zůstat alespoň jeden titulek.,Musí zostať aspoň jeden titulok.,Mora ostati barem jedan nadnaslov.,Мора да остане бар један надтитл.,Трябва да остане поне един надпис.,Должен остаться хотя бы один титр.,Має залишитися принаймні один супертитр.
error.mergeMarker,Non puoi unire un sopratitolo con un marcatore.,You cannot merge a surtitle with a marker.,Du kan inte slå ihop en övertext med ett märke.,Du kan ikke flette en overtekst med en markør.,Du kan ikke slå sammen en overtekst med en markør.,Repliikkiä ei voi yhdistää merkintään.,Nie można scalić napisu ze znacznikiem.,Titulek nelze sloučit se značkou.,Titulok nemožno zlúčiť so značkou.,Ne možete spojiti nadnaslov s oznakom.,Не можете да спојите надтитл са ознаком.,Не можете да слеете надпис с маркер.,Нельзя объединить титр с меткой.,Не можна об’єднати супертитр із міткою.
error.splitMarker,Non puoi dividere un marcatore.,You cannot split a marker.,Du kan inte dela ett märke.,Du kan ikke opdele en markør.,Du kan ikke dele en markør.,Merkintää ei voi jakaa.,Nie można podzielić znacznika.,Značku nelze rozdělit.,Značku nemožno rozdeliť.,Ne možete podijeliti oznaku.,Не можете да поделите ознаку.,Не можете да разделите маркер.,Нельзя разделить метку.,Мітку не можна розділити.
error.invalidChoice,Scelta non valida per le altre lingue.,Invalid choice for the other languages.,Ogiltigt val för de andra språken.,Ugyldigt valg for de andre sprog.,Ugyldig valg for de andre språkene.,Virheellinen valinta muille kielille.,Nieprawidłowy wybór dla pozostałych języków.,Neplatná volba pro ostatní jazyky.,Neplatná voľba pre ostatné jazyky.,Nevaljan odabir za druge jezike.,Неважећи избор за остале језике.,Невалиден избор за другите езици.,Недопустимый выбор для других языков.,Недійсний вибір для інших мов.
error.cursor,Metti il cursore nel punto in cui vuoi dividere il sopratitolo.,Place the cursor where you want to split the surtitle.,Placera markören där du vill dela övertexten.,"Placer tekstmarkøren der, hvor du vil opdele overteksten.",Plasser tekstmarkøren der du vil dele overteksten.,"Sijoita kohdistin kohtaan, josta haluat jakaa repliikin.","Ustaw kursor w miejscu, w którym chcesz podzielić napis.","Umístěte kurzor do místa, kde chcete titulek rozdělit.","Umiestnite kurzor na miesto, kde chcete titulok rozdeliť.",Postavite pokazivač na mjesto gdje želite podijeliti nadnaslov.,Поставите курсор на место где желите да поделите надтитл.,"Поставете курсора там, където искате да разделите надписа.","Установите курсор там, где нужно разделить титр.","Поставте курсор у місце, де треба розділити супертитр."
langs.title,Lingue del progetto,Project languages,Projektets språk,Projektets sprog,Prosjektspråk,Projektin kielet,Języki projektu,Jazyky projektu,Jazyky projektu,Jezici projekta,Језици пројекта,Езици на проекта,Языки проекта,Мови проєкту
langs.intro,Le lingue in cui sono scritte le battute. La principale è il riferimento del copione.,The languages the cues are written in. The primary one is the reference for the script.,Språken som replikerna är skrivna på. Huvudspråket är manusets referens.,"De sprog, replikkerne er skrevet på. Hovedsproget er manuskriptets reference.",Språkene replikkene er skrevet på. Hovedspråket er referansen for manuset.,"Kielet, joilla repliikit on kirjoitettu. Pääkieli on käsikirjoituksen perusta.","Języki, w których napisane są kwestie. Język główny jest punktem odniesienia dla scenariusza.","Jazyky, ve kterých jsou repliky napsány. Hlavní jazyk je referenční pro scénář.","Jazyky, v ktorých sú napísané repliky. Hlavný jazyk je referenčný pre celý text.",Jezici na kojima su napisane replike. Glavni jezik referenca je za tekst.,Језици на којима су написане реплике. Главни језик је референца за сценарио.,"Езиците, на които са написани репликите. Основният е еталонът за текста.","Языки, на которых написаны реплики. Основной язык — эталон сценария.","Мови, якими написано репліки. Основна мова — еталон тексту."
langs.close,Chiudi,Close,Stäng,Luk,Lukk,Sulje,Zamknij,Zavřít,Zavrieť,Zatvori,Затвори,Затвори,Закрыть,Закрити
langs.close.title,Chiudi (Esc),Close (Esc),Stäng (Esc),Luk (Esc),Lukk (Esc),Sulje (Esc),Zamknij (Esc),Zavřít (Esc),Zavrieť (Esc),Zatvori (Esc),Затвори (Esc),Затвори (Esc),Закрыть (Esc),Закрити (Esc)
langs.name.aria,Nome della lingua {code},Name of language {code},Namn på språket {code},Navn på sproget {code},Navn på språket {code},Kielen {code} nimi,Nazwa języka {code},Název jazyka {code},Názov jazyka {code},Naziv jezika {code},Назив језика {code},Име на езика {code},Название языка {code},Назва мови {code}
langs.count.title,{filled} battute su {total} tradotte,{filled} of {total} cues translated,{filled} av {total} repliker översatta,{filled} af {total} replikker oversat,{filled} av {total} replikker oversatt,{filled}/{total} repliikkiä käännetty,Przetłumaczone kwestie: {filled} z {total},Přeloženo {filled} z {total} replik,Preložené repliky: {filled} z {total},Prevedeno {filled} od {total} replika,Преведено реплика: {filled} од {total},Преведени са {filled} от {total} реплики,Переведено реплик: {filled} из {total},Перекладено реплік: {filled} з {total}
langs.primary,Principale,Primary,Huvudspråk,Hovedsprog,Hovedspråk,Pääkieli,Główny,Hlavní,Hlavný,Glavni,Главни,Основен,Основной,Основна
langs.primary.title,Lingua principale,Primary language,Huvudspråk,Hovedsprog,Hovedspråk,Pääkieli,Język główny,Hlavní jazyk,Hlavný jazyk,Glavni jezik,Главни језик,Основен език,Основной язык,Основна мова
langs.makePrimary,Rendi principale,Make primary,Gör till huvudspråk,Gør til hovedsprog,Gjør til hovedspråk,Tee pääkieleksi,Ustaw jako główny,Nastavit jako hlavní,Nastaviť ako hlavný,Postavi kao glavni,Постави као главни,Направи основен,Сделать основным,Зробити основною
langs.makePrimary.title,Imposta come lingua principale,Set as primary language,Ange som huvudspråk,Angiv som hovedsprog,Angi som hovedspråk,Aseta pääkieleksi,Ustaw jako język główny,Nastavit jako hlavní jazyk,Nastaviť ako hlavný jazyk,Postavi kao glavni jezik,Постави као главни језик,Задай като основен език,Назначить основным языком,Встановити як основну мову
langs.delete.aria,Elimina {language},Delete {language},Radera {language},Slet {language},Slett {language},Poista kieli {language},Usuń: {language},Odstranit jazyk {language},Odstrániť {language},Izbriši {language},Обриши: {language},Изтрий {language},Удалить язык: {language},Видалити: {language}
langs.delete.title,Elimina lingua,Delete language,Radera språk,Slet sprog,Slett språk,Poista kieli,Usuń język,Odstranit jazyk,Odstrániť jazyk,Izbriši jezik,Обриши језик,Изтрий езика,Удалить язык,Видалити мову
langs.delete.last,Deve restare almeno una lingua,At least one language must remain,Minst ett språk måste finnas kvar,Der skal være mindst ét sprog,Minst ett språk må være igjen,Vähintään yhden kielen on jäätävä,Musi pozostać co najmniej jeden język,Musí zůstat alespoň jeden jazyk,Musí zostať aspoň jeden jazyk,Mora ostati barem jedan jezik,Мора да остане бар један језик,Трябва да остане поне един език,Должен остаться хотя бы один язык,Має залишитися принаймні одна мова
langs.delete.message,Vuoi eliminare {language} da «{project}»? Anche i testi in questa lingua verranno rimossi.,Delete {language} from “{project}”? The texts in this language will be removed too.,Vill du radera {language} från ”{project}”? Även texterna på det här språket tas bort.,Vil du slette {language} fra »{project}«? Teksterne på dette sprog fjernes også.,Vil du slette {language} fra «{project}»? Tekstene på dette språket fjernes også.,Poistetaanko kieli {language} projektista ”{project}”? Myös tämän kielen tekstit poistetaan.,Usunąć język {language} z projektu „{project}”? Teksty w tym języku również zostaną usunięte.,Chcete odstranit jazyk {language} z projektu „{project}“? Texty v tomto jazyce budou také odstraněny.,Chcete odstrániť jazyk {language} z projektu „{project}“? Odstránia sa aj texty v tomto jazyku.,Želite li izbrisati {language} iz projekta „{project}“? Uklonit će se i tekstovi na tom jeziku.,Желите ли да обришете језик {language} из пројекта „{project}“? Биће уклоњени и текстови на том језику.,Да се изтрие ли {language} от „{project}“? Текстовете на този език също ще бъдат премахнати.,Удалить язык «{language}» из проекта «{project}»? Тексты на этом языке тоже будут удалены.,Видалити мову {language} з проєкту «{project}»? Тексти цією мовою також буде видалено.
langs.thisProject,questo progetto,this project,det här projektet,dette projekt,dette prosjektet,tämä projekti,ten projekt,tento projekt,tento projekt,ovaj projekt,овај пројекат,този проект,этот проект,цей проєкт
langs.add,Aggiungi lingua,Add language,Lägg till språk,Tilføj sprog,Legg til språk,Lisää kieli,Dodaj język,Přidat jazyk,Pridať jazyk,Dodaj jezik,Додај језик,Добави език,Добавить язык,Додати мову
langs.add.button,Aggiungi,Add,Lägg till,Tilføj,Legg til,Lisää,Dodaj,Přidat,Pridať,Dodaj,Додај,Добави,Добавить,Додати
langs.code.placeholder,"Codice, es. ja","Code, e.g. ja","Kod, t.ex. ja","Kode, f.eks. ja","Kode, f.eks. ja","Koodi, esim. ja","Kod, np. ja","Kód, např. ja","Kód, napr. ja","Kôd, npr. ja","Код, нпр. ja","Код, напр. ja","Код, напр. ja","Код, напр. ja"
langs.code.aria,Codice della nuova lingua,Code of the new language,Det nya språkets kod,Kode for det nye sprog,Kode for det nye språket,Uuden kielen koodi,Kod nowego języka,Kód nového jazyka,Kód nového jazyka,Kôd novog jezika,Код новог језика,Код на новия език,Код нового языка,Код нової мови
langs.newName.placeholder,"Nome, es. 日本語","Name, e.g. 日本語","Namn, t.ex. 日本語","Navn, f.eks. 日本語","Navn, f.eks. 日本語","Nimi, esim. 日本語","Nazwa, np. 日本語","Název, např. 日本語","Názov, napr. 日本語","Naziv, npr. 日本語","Назив, нпр. 日本語","Име, напр. 日本語","Название, напр. 日本語","Назва, напр. 日本語"
langs.newName.aria,Nome della nuova lingua,Name of the new language,Det nya språkets namn,Navn på det nye sprog,Navn på det nye språket,Uuden kielen nimi,Nazwa nowego języka,Název nového jazyka,Názov nového jazyka,Naziv novog jezika,Назив новог језика,Име на новия език,Название нового языка,Назва нової мови
langs.copy,Nella nuova lingua copia i testi di {language} come base da tradurre,Copy the {language} texts into the new language as a basis for translation,Kopiera texterna på {language} till det nya språket som underlag för översättning,Kopiér teksterne på {language} til det nye sprog som grundlag for oversættelsen,Kopier tekstene på {language} til det nye språket som grunnlag for oversettelsen,Kopioi uuteen kieleen kielen {language} tekstit käännöspohjaksi,Skopiuj do nowego języka teksty z języka {language} jako podstawę tłumaczenia,Zkopírovat do nového jazyka texty z jazyka {language} jako základ pro překlad,Skopírovať do nového jazyka texty v jazyku {language} ako základ na preklad,Kopiraj tekstove jezika {language} u novi jezik kao osnovu za prijevod,Копирај текстове језика {language} у нови језик као основу за превод,Копирай текстовете на {language} в новия език като основа за превод,Скопировать в новый язык тексты ({language}) как основу для перевода,Скопіювати в нову мову тексти мовою {language} як основу для перекладу
langs.done,Fatto,Done,Klar,Færdig,Ferdig,Valmis,Gotowe,Hotovo,Hotovo,Gotovo,Готово,Готово,Готово,Готово
nav.aria,Navigazione principale,Main navigation,Huvudnavigering,Hovednavigation,Hovednavigasjon,Päänavigointi,Nawigacja główna,Hlavní navigace,Hlavná navigácia,Glavna navigacija,Главна навигација,Основна навигация,Основная навигация,Основна навігація
nav.projects,Progetti,Projects,Projekt,Projekter,Prosjekter,Projektit,Projekty,Projekty,Projekty,Projekti,Пројекти,Проекти,Проекты,Проєкти
nav.cues,Sopratitoli,Surtitles,Övertexter,Overtekster,Overtekster,Tekstitys,Napisy,Titulky,Titulky,Nadnaslovi,Надтитлови,Надписи,Титры,Супертитри
nav.screens,Schermi,Screens,Skärmar,Skærme,Skjermer,Näytöt,Ekrany,Obrazovky,Obrazovky,Zasloni,Екрани,Екрани,Экраны,Екрани
nav.settings,Impostazioni,Settings,Inställningar,Indstillinger,Innstillinger,Asetukset,Ustawienia,Nastavení,Nastavenia,Postavke,Подешавања,Настройки,Настройки,Налаштування
nav.project.aria,Informazioni progetto,Project information,Projektinformation,Projektoplysninger,Prosjektinformasjon,Projektin tiedot,Informacje o projekcie,Informace o projektu,Informácie o projekte,Podaci o projektu,Информације о пројекту,Информация за проекта,Сведения о проекте,Відомості про проєкт
nav.untitled,Senza titolo,Untitled,Namnlös,Uden titel,Uten tittel,Nimetön,Bez tytułu,Bez názvu,Bez názvu,Bez naslova,Без наслова,Без заглавие,Без названия,Без назви
nav.saved,salvato localmente,saved locally,sparat lokalt,gemt lokalt,lagret lokalt,tallennettu paikallisesti,zapisano lokalnie,uloženo místně,uložené lokálne,spremljeno lokalno,сачувано локално,записан локално,сохранено локально,збережено локально
nav.unsaved,modifiche non salvate,unsaved changes,osparade ändringar,ændringer ikke gemt,ulagrede endringer,tallentamattomia muutoksia,niezapisane zmiany,neuložené změny,neuložené zmeny,nespremljene promjene,несачуване измене,незаписани промени,несохранённые изменения,незбережені зміни
nav.cueCount.one,{count} sopratitolo,{count} surtitle,{count} övertext,{count} overtekst,{count} overtekst,{count} repliikki,{count} napis,{count} titulek,{count} titulok,{count} nadnaslov,{count} надтитл,{count} надпис,{count} титр,{count} супертитр
nav.cueCount.other,{count} sopratitoli,{count} surtitles,{count} övertexter,{count} overtekster,{count} overtekster,{count} repliikkiä,{count} napisu,{count} titulků,{count} titulkov,{count} nadnaslova,{count} надтитлова,{count} надписа,{count} титра,{count} супертитру
nav.cueCount.few,,,,,,,{count} napisy,{count} titulky,{count} titulky,{count} nadnaslova,{count} надтитла,,{count} титра,{count} супертитри
nav.cueCount.many,,,,,,,{count} napisów,{count} titulku,{count} titulku,,,,{count} титров,{count} супертитрів
nav.expand,Espandi barra laterale,Expand sidebar,Visa sidofältet,Udvid sidepanel,Utvid sidepanelet,Laajenna sivupalkki,Rozwiń pasek boczny,Rozbalit postranní panel,Rozbaliť bočný panel,Proširi bočnu traku,Прошири бочну траку,Разгъни страничната лента,Развернуть боковую панель,Розгорнути бічну панель
nav.collapse,Comprimi barra laterale,Collapse sidebar,Dölj sidofältet,Skjul sidepanel,Skjul sidepanelet,Pienennä sivupalkki,Zwiń pasek boczny,Sbalit postranní panel,Zbaliť bočný panel,Sažmi bočnu traku,Скупи бочну траку,Свий страничната лента,Свернуть боковую панель,Згорнути бічну панель
nav.version.aria,Versione applicazione,App version,Programversion,Appversion,Programversjon,Sovelluksen versio,Wersja aplikacji,Verze aplikace,Verzia aplikácie,Verzija aplikacije,Верзија апликације,Версия на приложението,Версия приложения,Версія програми
nav.version,versione {version},version {version},version {version},version {version},versjon {version},versio {version},wersja {version},verze {version},verzia {version},verzija {version},верзија {version},версия {version},версия {version},версія {version}
nav.right.expand,Espandi barra destra,Expand right sidebar,Visa högra sidofältet,Udvid højre sidepanel,Utvid høyre panel,Laajenna oikea sivupalkki,Rozwiń prawy pasek,Rozbalit pravý panel,Rozbaliť pravý panel,Proširi desnu traku,Прошири десну траку,Разгъни дясната лента,Развернуть правую панель,Розгорнути праву панель
nav.right.collapse,Comprimi barra destra,Collapse right sidebar,Dölj högra sidofältet,Skjul højre sidepanel,Skjul høyre panel,Pienennä oikea sivupalkki,Zwiń prawy pasek,Sbalit pravý panel,Zbaliť pravý panel,Sažmi desnu traku,Скупи десну траку,Свий дясната лента,Свернуть правую панель,Згорнути праву панель
projects.title,Progetti,Projects,Projekt,Projekter,Prosjekter,Projektit,Projekty,Projekty,Projekty,Projekti,Пројекти,Проекти,Проекты,Проєкти
projects.subtitle,I tuoi spettacoli,Your shows,Dina föreställningar,Dine forestillinger,Forestillingene dine,Esityksesi,Twoje spektakle,Vaše inscenace,Vaše inscenácie,Vaše predstave,Ваше представе,Вашите спектакли,Ваши спектакли,Ваші вистави
projects.new,Nuovo,New,Ny,Ny,Ny,Uusi,Nowy,Nový,Nový,Novo,Нови,Нов,Новый,Новий
projects.import,Importa,Import,Importera,Importér,Importer,Tuo,Importuj,Importovat,Importovať,Uvezi,Увези,Импортирай,Импорт,Імпортувати
projects.save,Salva,Save,Spara,Gem,Lagre,Tallenna,Zapisz,Uložit,Uložiť,Spremi,Сачувај,Запиши,Сохранить,Зберегти
projects.saveAs,Salva con nome…,Save as…,Spara som…,Gem som…,Lagre som …,Tallenna nimellä…,Zapisz jako…,Uložit jako…,Uložiť ako…,Spremi kao…,Сачувај као…,Запиши като…,Сохранить как…,Зберегти як…
projects.search,Cerca progetti…,Search projects…,Sök projekt…,Søg i projekter…,Søk i prosjekter …,Hae projekteja…,Szukaj projektów…,Hledat projekty…,Hľadať projekty…,Pretraži projekte…,Претражи пројекте…,Търсене на проекти…,Поиск проектов…,Шукати проєкти…
projects.view.aria,Visualizzazione progetti,Project view,Projektvisning,Projektvisning,Prosjektvisning,Projektien näkymä,Widok projektów,Zobrazení projektů,Zobrazenie projektov,Prikaz projekata,Приказ пројеката,Изглед на проектите,Вид проектов,Подання проєктів
projects.view.grid,Vista griglia,Grid view,Rutnät,Gittervisning,Rutenettvisning,Ruudukkonäkymä,Widok siatki,Mřížka,Mriežka,Prikaz rešetke,Приказ мреже,Мрежа,Сетка,Сітка
projects.view.list,Vista lista,List view,Lista,Listevisning,Listevisning,Luettelonäkymä,Widok listy,Seznam,Zoznam,Prikaz popisa,Приказ листе,Списък,Список,Список
projects.empty,Nessuno spettacolo trovato.,No shows found.,Inga föreställningar hittades.,Ingen forestillinger fundet.,Fant ingen forestillinger.,Esityksiä ei löytynyt.,Nie znaleziono spektakli.,Nebyly nalezeny žádné inscenace.,Nenašli sa žiadne inscenácie.,Nije pronađena nijedna predstava.,Није пронађена ниједна представа.,Няма намерени спектакли.,Спектакли не найдены.,Вистав не знайдено.
projects.count.one,{count} progetto,{count} project,{count} projekt,{count} projekt,{count} prosjekt,{count} projekti,{count} projekt,{count} projekt,{count} projekt,{count} projekt,{count} пројекат,{count} проект,{count} проект,{count} проєкт
projects.count.other,{count} progetti,{count} projects,{count} projekt,{count} projekter,{count} prosjekter,{count} projektia,{count} projektu,{count} projektů,{count} projektov,{count} projekata,{count} пројеката,{count} проекта,{count} проекта,{count} проєкту
projects.count.few,,,,,,,{count} projekty,{count} projekty,{count} projekty,{count} projekta,{count} пројекта,,{count} проекта,{count} проєкти
projects.count.many,,,,,,,{count} projektów,{count} projektu,{count} projektu,,,,{count} проектов,{count} проєктів
projects.liveShow,Spettacolo dal vivo,Live show,Liveföreställning,Liveforestilling,Liveforestilling,Live-esitys,Spektakl na żywo,Živé představení,Živé predstavenie,Predstava uživo,Представа уживо,Спектакъл на живо,Живой спектакль,Жива вистава
projects.untitled,Senza titolo,Untitled,Namnlös,Uden titel,Uten tittel,Nimetön,Bez tytułu,Bez názvu,Bez názvu,Bez naslova,Без наслова,Без заглавие,Без названия,Без назви
projects.modified,Modificato {date},Modified {date},Ändrad {date},Ændret {date},Endret {date},Muokattu {date},Zmieniono: {date},Upraveno {date},Upravené {date},Izmijenjeno {date},Измењено {date},Променен {date},Изменён: {date},Змінено {date}
projects.languageCount.one,{count} lingua,{count} language,{count} språk,{count} sprog,{count} språk,{count} kieli,{count} język,{count} jazyk,{count} jazyk,{count} jezik,{count} језик,{count} език,{count} язык,{count} мова
projects.languageCount.other,{count} lingue,{count} languages,{count} språk,{count} sprog,{count} språk,{count} kieltä,{count} języka,{count} jazyků,{count} jazykov,{count} jezika,{count} језика,{count} езика,{count} языка,{count} мови
projects.languageCount.few,,,,,,,{count} języki,{count} jazyky,{count} jazyky,{count} jezika,{count} језика,,{count} языка,{count} мови
projects.languageCount.many,,,,,,,{count} języków,{count} jazyka,{count} jazyka,,,,{count} языков,{count} мов
projects.current,aperto,open,öppet,åben,åpen,avoinna,otwarty,otevřeno,otvorený,otvoreno,отворен,отворен,открыт,відкрито
projects.details.title,Dettagli progetto,Project details,Projektinformation,Projektdetaljer,Prosjektdetaljer,Projektin tiedot,Szczegóły projektu,Podrobnosti projektu,Podrobnosti o projekte,Pojedinosti projekta,Детаљи пројекта,Подробности за проекта,Сведения о проекте,Відомості про проєкт
projects.details.lastModified,Ultima modifica,Last modified,Senast ändrad,Senest ændret,Sist endret,Viimeksi muokattu,Ostatnia zmiana,Poslední úprava,Posledná úprava,Posljednja izmjena,Последња измена,Последна промяна,Последнее изменение,Остання зміна
projects.details.cues,Battute,Cues,Repliker,Replikker,Replikker,Repliikit,Kwestie,Repliky,Repliky,Replike,Реплике,Реплики,Реплики,Репліки
projects.details.languages,Lingue,Languages,Språk,Sprog,Språk,Kielet,Języki,Jazyky,Jazyky,Jezici,Језици,Езици,Языки,Мови
projects.details.manageLanguages,Gestisci,Manage,Hantera,Administrer,Administrer,Hallitse,Zarządzaj,Spravovat,Spravovať,Upravljaj,Управљај,Управление,Управлять,Керувати
projects.details.author,Autore/Autrice,Author,Upphovsperson,Forfatter,Forfatter,Tekijä,Autor/Autorka,Autor/autorka,Autor/autorka,Autor/autorica,Аутор/ауторка,Автор,Автор,Автор/авторка
projects.details.version,Versione progetto,Project version,Projektversion,Projektversion,Prosjektversjon,Projektin versio,Wersja projektu,Verze projektu,Verzia projektu,Verzija projekta,Верзија пројекта,Версия на проекта,Версия проекта,Версія проєкту
projects.open,Apri progetto,Open project,Öppna projekt,Åbn projekt,Åpne prosjekt,Avaa projekti,Otwórz projekt,Otevřít projekt,Otvoriť projekt,Otvori projekt,Отвори пројекат,Отвори проекта,Открыть проект,Відкрити проєкт
projects.editDetails,Modifica dettagli,Edit details,Redigera information,Rediger detaljer,Rediger detaljer,Muokkaa tietoja,Edytuj szczegóły,Upravit podrobnosti,Upraviť podrobnosti,Uredi pojedinosti,Измени детаље,Редактирай подробностите,Изменить сведения,Змінити відомості
projects.actions.aria,Azioni progetto: {title},Project actions: {title},Projektåtgärder: {title},Projekthandlinger: {title},Prosjekthandlinger: {title},Projektin toiminnot: {title},Akcje projektu: {title},Akce projektu: {title},Akcie projektu: {title},Radnje projekta: {title},Радње пројекта: {title},Действия с проекта: {title},Действия с проектом: {title},Дії з проєктом: {title}
projects.actions.eyebrow,Azioni progetto,Project actions,Projektåtgärder,Projekthandlinger,Prosjekthandlinger,Projektin toiminnot,Akcje projektu,Akce projektu,Akcie projektu,Radnje projekta,Радње пројекта,Действия с проекта,Действия с проектом,Дії з проєктом
projects.actions.close,Chiudi,Close,Stäng,Luk,Lukk,Sulje,Zamknij,Zavřít,Zavrieť,Zatvori,Затвори,Затвори,Закрыть,Закрити
projects.actions.details,Dettagli,Details,Information,Detaljer,Detaljer,Tiedot,Szczegóły,Podrobnosti,Podrobnosti,Pojedinosti,Детаљи,Подробности,Сведения,Відомості
projects.actions.detailsHelp,Modifica titolo e metadati.,Edit title and metadata.,Redigera titel och metadata.,Rediger titel og metadata.,Rediger tittel og metadata.,Muokkaa otsikkoa ja metatietoja.,Edytuj tytuł i metadane.,Upravte název a metadata.,Upravte názov a metadáta.,Uredite naslov i metapodatke.,Измените наслов и метаподатке.,Редактиране на заглавието и метаданните.,Изменить название и метаданные.,Змінити назву й метадані.
projects.actions.image,Cambia immagine,Change image,Byt bild,Skift billede,Endre bilde,Vaihda kuva,Zmień obraz,Změnit obrázek,Zmeniť obrázok,Promijeni sliku,Промени слику,Смени изображението,Сменить изображение,Змінити зображення
projects.actions.imageHelp,Scegli una nuova anteprima dello spettacolo.,Choose a new preview image for the show.,Välj en ny förhandsbild för föreställningen.,Vælg et nyt eksempelbillede til forestillingen.,Velg et nytt forhåndsvisningsbilde for forestillingen.,Valitse esitykselle uusi esikatselukuva.,Wybierz nowy obraz podglądu spektaklu.,Vyberte nový náhledový obrázek inscenace.,Vyberte nový obrázok náhľadu inscenácie.,Odaberite novu sliku za pretpregled predstave.,Изаберите нову слику за преглед представе.,Изберете ново изображение за спектакъла.,Выберите новое превью спектакля.,Виберіть нове зображення-прев’ю вистави.
projects.actions.export,Esporta,Export,Exportera,Eksportér,Eksporter,Vie,Eksportuj,Exportovat,Exportovať,Izvezi,Извези,Експортирай,Экспорт,Експортувати
projects.actions.exportHelp,Prepara una copia del progetto.,Prepare a copy of the project.,Förbered en kopia av projektet.,Forbered en kopi af projektet.,Lag en kopi av prosjektet.,Valmistele projektista kopio.,Przygotuj kopię projektu.,Připravte kopii projektu.,Pripraví kópiu projektu.,Pripremite kopiju projekta.,Припремите копију пројекта.,Подготвя копие на проекта.,Подготовить копию проекта.,Підготувати копію проєкту.
projects.actions.duplicate,Duplica,Duplicate,Duplicera,Dupliker,Dupliser,Monista,Duplikuj,Duplikovat,Duplikovať,Dupliciraj,Дуплирај,Дублирай,Дублировать,Дублювати
projects.actions.duplicateHelp,Crea una copia modificabile.,Create an editable copy.,Skapa en redigerbar kopia.,"Opret en kopi, der kan redigeres.",Lag en redigerbar kopi.,Luo muokattava kopio.,Utwórz edytowalną kopię.,Vytvořte upravitelnou kopii.,Vytvorí upraviteľnú kópiu.,Stvorite kopiju koju možete uređivati.,Направите копију коју можете да мењате.,"Създава копие, което може да се редактира.",Создать редактируемую копию.,Створити копію для редагування.
projects.actions.languages,Lingue,Languages,Språk,Sprog,Språk,Kielet,Języki,Jazyky,Jazyky,Jezici,Језици,Езици,Языки,Мови
projects.actions.languagesHelp,"Aggiungi, rinomina o elimina le lingue.","Add, rename or delete languages.","Lägg till, byt namn på eller radera språk.","Tilføj, omdøb eller slet sprog.","Legg til, gi nytt navn til eller slett språk.","Lisää, nimeä uudelleen tai poista kieliä.","Dodaj języki, zmień ich nazwy lub je usuń.","Přidejte, přejmenujte nebo odstraňte jazyky.","Pridajte, premenujte alebo odstráňte jazyky.","Dodajte, preimenujte ili izbrišite jezike.","Додајте, преименујте или обришите језике.","Добавяне, преименуване или изтриване на езици.","Добавить, переименовать или удалить языки.","Додати, перейменувати або видалити мови."
projects.actions.delete,Elimina,Delete,Radera,Slet,Slett,Poista,Usuń,Odstranit,Odstrániť,Izbriši,Обриши,Изтрий,Удалить,Видалити
projects.actions.deleteHelp,Rimuovi il progetto da Sténtor.,Remove the project from Sténtor.,Ta bort projektet från Sténtor.,Fjern projektet fra Sténtor.,Fjern prosjektet fra Sténtor.,Poista projekti Sténtorista.,Usuń projekt z programu Sténtor.,Odstraňte projekt z aplikace Sténtor.,Odstráni projekt zo Sténtora.,Uklonite projekt iz Sténtora.,Уклоните пројекат из програма Sténtor.,Премахва проекта от Sténtor.,Удалить проект из Sténtor.,Вилучити проєкт зі Sténtor.
projects.dialog.new.title,Nuovo progetto,New project,Nytt projekt,Nyt projekt,Nytt prosjekt,Uusi projekti,Nowy projekt,Nový projekt,Nový projekt,Novi projekt,Нови пројекат,Нов проект,Новый проект,Новий проєкт
projects.dialog.new.message,Scegli un titolo per il nuovo progetto.,Choose a title for the new project.,Välj en titel för det nya projektet.,Vælg en titel til det nye projekt.,Velg en tittel for det nye prosjektet.,Valitse uudelle projektille otsikko.,Wybierz tytuł nowego projektu.,Zvolte název nového projektu.,Zvoľte názov nového projektu.,Odaberite naslov novog projekta.,Изаберите наслов за нови пројекат.,Изберете заглавие за новия проект.,Выберите название нового проекта.,Дайте назву новому проєкту.
projects.dialog.new.label,Titolo progetto,Project title,Projekttitel,Projekttitel,Prosjekttittel,Projektin otsikko,Tytuł projektu,Název projektu,Názov projektu,Naslov projekta,Наслов пројекта,Заглавие на проекта,Название проекта,Назва проєкту
projects.dialog.new.default,Nuovo progetto,New project,Nytt projekt,Nyt projekt,Nytt prosjekt,Uusi projekti,Nowy projekt,Nový projekt,Nový projekt,Novi projekt,Нови пројекат,Нов проект,Новый проект,Новий проєкт
projects.dialog.new.confirm,Crea,Create,Skapa,Opret,Opprett,Luo,Utwórz,Vytvořit,Vytvoriť,Stvori,Направи,Създай,Создать,Створити
projects.dialog.notFound.title,Progetto non trovato,Project not found,Projektet hittades inte,Projektet blev ikke fundet,Fant ikke prosjektet,Projektia ei löytynyt,Nie znaleziono projektu,Projekt nebyl nalezen,Projekt sa nenašiel,Projekt nije pronađen,Пројекат није пронађен,Проектът не е намерен,Проект не найден,Проєкт не знайдено
projects.dialog.notFound.message,Non riesco a trovare questo spettacolo nella libreria locale.,This show could not be found in the local library.,Föreställningen hittades inte i det lokala biblioteket.,Forestillingen blev ikke fundet i det lokale bibliotek.,Finner ikke denne forestillingen i det lokale biblioteket.,Tätä esitystä ei löytynyt paikallisesta kirjastosta.,Nie można znaleźć tego spektaklu w lokalnej bibliotece.,Tuto inscenaci se nepodařilo najít v místní knihovně.,Túto inscenáciu sa v lokálnej knižnici nepodarilo nájsť.,Ova predstava nije pronađena u lokalnoj biblioteci.,Ова представа није пронађена у локалној библиотеци.,Този спектакъл не може да бъде намерен в локалната библиотека.,Этот спектакль не найден в локальной библиотеке.,Цю виставу не знайдено в локальній бібліотеці.
projects.dialog.details.title,Dettagli,Details,Information,Detaljer,Detaljer,Tiedot,Szczegóły,Podrobnosti,Podrobnosti,Pojedinosti,Детаљи,Подробности,Сведения,Відомості
projects.dialog.details.message,Modifica i metadati principali.,Edit the main metadata.,Redigera de viktigaste metadata.,Rediger de vigtigste metadata.,Rediger de viktigste metadataene.,Muokkaa tärkeimpiä metatietoja.,Edytuj główne metadane.,Upravte hlavní metadata.,Upravte hlavné metadáta.,Uredite glavne metapodatke.,Измените главне метаподатке.,Редактирайте основните метаданни.,Измените основные метаданные.,Змініть основні метадані.
projects.dialog.details.titleField,Titolo,Title,Titel,Titel,Tittel,Otsikko,Tytuł,Název,Názov,Naslov,Наслов,Заглавие,Название,Назва
projects.dialog.details.company,Compagnia / collettivo,Company / collective,Teatergrupp / kollektiv,Kompagni / kollektiv,Kompani / kollektiv,Ryhmä / kollektiivi,Zespół / kolektyw,Soubor / kolektiv,Súbor / kolektív,Kazalište / družina,Трупа / колектив,Трупа / колектив,Труппа / коллектив,Трупа / колектив
projects.dialog.details.author,Autore/Autrice,Author,Upphovsperson,Forfatter,Forfatter,Tekijä,Autor/Autorka,Autor/autorka,Autor/autorka,Autor/autorica,Аутор/ауторка,Автор,Автор,Автор/авторка
projects.dialog.image.title,Immagine non importata,Image not imported,Bilden importerades inte,Billedet blev ikke importeret,Bildet ble ikke importert,Kuvaa ei tuotu,Nie zaimportowano obrazu,Obrázek nebyl importován,Obrázok sa neimportoval,Slika nije uvezena,Слика није увезена,Изображението не е импортирано,Изображение не импортировано,Зображення не імпортовано
projects.dialog.image.message,Non riesco a leggere questa immagine.,This image could not be read.,Bilden kunde inte läsas.,Billedet kunne ikke læses.,Kan ikke lese dette bildet.,Tätä kuvaa ei voitu lukea.,Nie można odczytać tego obrazu.,Tento obrázek se nepodařilo načíst.,Tento obrázok sa nepodarilo načítať.,Ovu sliku nije moguće pročitati.,Ова слика не може да се прочита.,Това изображение не може да бъде прочетено.,Не удалось прочитать это изображение.,Не вдалося прочитати це зображення.
projects.dialog.image.format,"Formato immagine non valido. Usa JPG, PNG o WebP.","Unsupported image format. Use JPG, PNG or WebP.","Bildformatet stöds inte. Använd JPG, PNG eller WebP.","Ugyldigt billedformat. Brug JPG, PNG eller WebP.","Ugyldig bildeformat. Bruk JPG, PNG eller WebP.","Kuvamuotoa ei tueta. Käytä JPG-, PNG- tai WebP-muotoa.","Nieobsługiwany format obrazu. Użyj JPG, PNG lub WebP.","Nepodporovaný formát obrázku. Použijte JPG, PNG nebo WebP.","Nepodporovaný formát obrázka. Použite JPG, PNG alebo WebP.","Nevaljan format slike. Upotrijebite JPG, PNG ili WebP.","Неподржан формат слике. Користите JPG, PNG или WebP.","Неподдържан формат на изображението. Използвайте JPG, PNG или WebP.","Неподдерживаемый формат изображения. Используйте JPG, PNG или WebP.","Непідтримуваний формат зображення. Використовуйте JPG, PNG або WebP."
projects.dialog.delete.title,Elimina spettacolo,Delete show,Radera föreställning,Slet forestilling,Slett forestilling,Poista esitys,Usuń spektakl,Odstranit inscenaci,Odstrániť inscenáciu,Izbriši predstavu,Обриши представу,Изтриване на спектакъл,Удалить спектакль,Видалити виставу
projects.dialog.delete.message,Vuoi eliminare definitivamente “{title}”?,Permanently delete “{title}”?,Vill du radera ”{title}” permanent?,Vil du slette »{title}« permanent?,Vil du slette «{title}» for godt?,Poistetaanko ”{title}” pysyvästi?,Trwale usunąć „{title}”?,Chcete trvale odstranit „{title}“?,Chcete natrvalo odstrániť „{title}“?,Želite li trajno izbrisati „{title}“?,Желите ли трајно да обришете „{title}“?,Да се изтрие ли окончателно „{title}“?,Удалить «{title}» без возможности восстановления?,Остаточно видалити «{title}»?
projects.dialog.thisShow,questo spettacolo,this show,den här föreställningen,denne forestilling,denne forestillingen,tämä esitys,ten spektakl,tuto inscenaci,túto inscenáciu,ovu predstavu,ову представу,този спектакъл,этот спектакль,цю виставу
projects.dialog.import.title,Importa spettacolo,Import show,Importera föreställning,Importér forestilling,Importer forestilling,Tuo esitys,Importuj spektakl,Importovat inscenaci,Importovať inscenáciu,Uvezi predstavu,Увези представу,Импортиране на спектакъл,Импорт спектакля,Імпортувати виставу
projects.dialog.import.message,Ci sono modifiche non salvate. Vuoi importare un altro spettacolo e renderlo attivo?,There are unsaved changes. Import another show and make it active?,Det finns osparade ändringar. Vill du importera en annan föreställning och göra den aktiv?,"Der er ændringer, som ikke er gemt. Vil du importere en anden forestilling og gøre den aktiv?",Du har ulagrede endringer. Vil du importere en annen forestilling og gjøre den aktiv?,Muutoksia ei ole tallennettu. Tuodaanko toinen esitys ja otetaanko se käyttöön?,Istnieją niezapisane zmiany. Zaimportować inny spektakl i ustawić go jako aktywny?,Máte neuložené změny. Chcete importovat jinou inscenaci a nastavit ji jako aktivní?,Máte neuložené zmeny. Chcete importovať inú inscenáciu a nastaviť ju ako aktívnu?,Postoje nespremljene promjene. Želite li uvesti drugu predstavu i učiniti je aktivnom?,Постоје несачуване измене. Желите ли да увезете другу представу и да је учините активном?,Има незаписани промени. Да се импортира ли друг спектакъл и да стане ли активен?,Есть несохранённые изменения. Импортировать другой спектакль и сделать его активным?,Є незбережені зміни. Імпортувати іншу виставу й зробити її активною?
projects.dialog.import.confirm,Importa,Import,Importera,Importér,Importer,Tuo,Importuj,Importovat,Importovať,Uvezi,Увези,Импортирай,Импортировать,Імпортувати
projects.dialog.importFailed.title,Importazione non riuscita,Import failed,Importen misslyckades,Importen mislykkedes,Importen mislyktes,Tuonti epäonnistui,Import nie powiódł się,Import se nezdařil,Import zlyhal,Uvoz nije uspio,Увоз није успео,Импортирането не бе успешно,Не удалось импортировать,Не вдалося імпортувати
projects.dialog.importFailed.word,Non sono riuscito a leggere il copione Word. Verifica che sia un file .docx e riprova.,The Word script could not be read. Check that it is a .docx file and try again.,Word-manuset kunde inte läsas. Kontrollera att det är en .docx-fil och försök igen.,"Word-manuskriptet kunne ikke læses. Kontrollér, at det er en .docx-fil, og prøv igen.","Kunne ikke lese Word-manuset. Kontroller at det er en .docx-fil, og prøv igjen.","Word-käsikirjoitusta ei voitu lukea. Tarkista, että se on .docx-tiedosto, ja yritä uudelleen.","Nie udało się odczytać scenariusza Word. Sprawdź, czy to plik .docx, i spróbuj ponownie.","Scénář Word se nepodařilo načíst. Ověřte, že jde o soubor .docx, a zkuste to znovu.","Text z Wordu sa nepodarilo načítať. Skontrolujte, či ide o súbor .docx, a skúste to znova.",Tekst iz Worda nije moguće pročitati. Provjerite je li riječ o datoteci .docx i pokušajte ponovno.,Сценарио из програма Word није могао да се прочита. Проверите да ли је у питању .docx датотека и покушајте поново.,Текстът от Word не може да бъде прочетен. Проверете дали файлът е .docx и опитайте отново.,"Не удалось прочитать сценарий Word. Убедитесь, что это файл .docx, и повторите попытку.","Не вдалося прочитати текст п’єси з Word. Переконайтеся, що це файл .docx, і спробуйте ще раз."
import.summary.title,File importato,File imported,Filen importerades,Fil importeret,Filen er importert,Tiedosto tuotu,Zaimportowano plik,Soubor importován,Súbor bol importovaný,Datoteka je uvezena,Датотека је увезена,Файлът е импортиран,Файл импортирован,Файл імпортовано
import.summary.message,«{file}»: {cues}. Lingue: {languages}.,“{file}”: {cues}. Languages: {languages}.,”{file}”: {cues}. Språk: {languages}.,»{file}«: {cues}. Sprog: {languages}.,«{file}»: {cues}. Språk: {languages}.,”{file}”: {cues}. Kielet: {languages}.,„{file}”: {cues}. Języki: {languages}.,„{file}“: {cues}. Jazyky: {languages}.,„{file}“: {cues}. Jazyky: {languages}.,„{file}“: {cues}. Jezici: {languages}.,„{file}“: {cues}. Језици: {languages}.,„{file}“: {cues}. Езици: {languages}.,«{file}»: {cues}. Языки: {languages}.,«{file}»: {cues}. Мови: {languages}.
import.summary.markers.one,"Riconosciuto {count} marcatore (atto, scena…).","{count} marker recognised (act, scene…).","{count} märke identifierades (akt, scen …).","{count} markør genkendt (akt, scene…).","Gjenkjente {count} markør (akt, scene …).","Tunnistettiin {count} merkintä (näytös, kohtaus…).","Rozpoznano {count} znacznik (akt, scena…).","Rozpoznána {count} značka (jednání, scéna…).","Rozpoznaná {count} značka (dejstvo, scéna…).","Prepoznata je {count} oznaka (čin, scena…).","Препозната је {count} ознака (чин, сцена…).","Разпознат е {count} маркер (действие, сцена…).","Распознана {count} метка (действие, сцена…).","Розпізнано {count} мітку (дія, сцена…)."
import.summary.markers.other,"Riconosciuti {count} marcatori (atti, scene…).","{count} markers recognised (acts, scenes…).","{count} märken identifierades (akter, scener …).","{count} markører genkendt (akter, scener…).","Gjenkjente {count} markører (akter, scener …).","Tunnistettiin {count} merkintää (näytökset, kohtaukset…).","Rozpoznano {count} znacznika (akty, sceny…).","Rozpoznáno {count} značek (jednání, scény…).","Rozpoznaných {count} značiek (dejstvá, scény…).","Prepoznato je {count} oznaka (činovi, scene…).","Препознато је {count} ознака (чинови, сцене…).","Разпознати са {count} маркера (действия, сцени…).","Распознано {count} метки (действия, сцены…).","Розпізнано {count} мітки (дії, сцени…)."
import.summary.markers.few,,,,,,,"Rozpoznano {count} znaczniki (akty, sceny…).","Rozpoznány {count} značky (jednání, scény…).","Rozpoznané {count} značky (dejstvá, scény…).","Prepoznate su {count} oznake (činovi, scene…).","Препознате су {count} ознаке (чинови, сцене…).",,"Распознаны {count} метки (действия, сцены…).","Розпізнано {count} мітки (дії, сцени…)."
import.summary.markers.many,,,,,,,"Rozpoznano {count} znaczników (akty, sceny…).","Rozpoznáno {count} značky (jednání, scény…).","Rozpoznané značky: {count} (dejstvá, scény…).",,,,"Распознано {count} меток (действия, сцены…).","Розпізнано {count} міток (дії, сцени…)."
import.summary.slides,Ogni diapositiva è diventata una battuta; le diapositive vuote sono battute vuote (schermo nero).,Each slide became a cue; empty slides are empty cues (black screen).,Varje bild blev en replik; tomma bilder är tomma repliker (svart skärm).,Hvert dias er blevet til en replik; tomme dias er tomme replikker (sort skærm).,Hvert lysbilde ble en replikk; tomme lysbilder er tomme replikker (svart skjerm).,Jokaisesta diasta tuli repliikki; tyhjät diat ovat tyhjiä repliikkejä (musta näyttö).,Każdy slajd stał się kwestią; puste slajdy to puste kwestie (czarny ekran).,Z každého snímku se stala replika; prázdné snímky jsou prázdné repliky (černá obrazovka).,Z každej snímky sa stala replika; prázdne snímky sú prázdne repliky (čierna obrazovka).,Svaki je slajd postao replika; prazni slajdovi prazne su replike (crni zaslon).,Сваки слајд је постао реплика; празни слајдови су празне реплике (црн екран).,Всеки слайд стана реплика; празните слайдове са празни реплики (черен екран).,Каждый слайд стал репликой; пустые слайды — пустые реплики (чёрный экран).,Кожен слайд став реплікою; порожні слайди стали порожніми репліками (чорний екран).
import.summary.timed,"I tempi dei sottotitoli sono stati conservati: puoi usarli nella card Tempi, con Riproduci.","The subtitle timings were kept: you can use them in the Timing card, with Play.","Undertexternas tider har behållits: du kan använda dem i kortet Tider, med Spela upp.",Underteksternes tider er bevaret: du kan bruge dem i kortet Tider med Afspil.,Tidene fra undertekstene er beholdt: du kan bruke dem i Tidtaking-kortet med Spill av.,Tekstitysten ajoitukset säilytettiin: voit käyttää niitä Ajoitus-kortissa Toista-toiminnolla.,"Zachowano czasy napisów: możesz ich użyć w karcie Czasy, opcją Odtwarzaj.",Časování titulků bylo zachováno: můžete ho použít na kartě Časování tlačítkem Přehrát.,Časy titulkov sa zachovali: môžete ich použiť na karte Časovanie pomocou Prehrať.,"Vremena titlova su zadržana: možete ih koristiti u kartici Vrijeme, s opcijom Reproduciraj.","Времена титлова су сачувана: можете да их користите у картици Тајминг, опцијом Репродукуј.",Времената на субтитрите са запазени: можете да ги използвате в картата „Хронометраж“ с „Изпълнение“.,Время субтитров сохранено: его можно использовать в карточке «Хронометраж» в режиме «Воспроизведение».,Час субтитрів збережено: його можна використати в картці «Хронометраж» у режимі «Відтворення».
import.error.file,"Non sono riuscito a leggere il file. Puoi importare progetti Sténtor (.json, .stn), copioni Word (.docx), tabelle Excel o CSV, presentazioni PowerPoint (.pptx), sottotitoli SRT o VTT e testo (.txt).","The file could not be read. You can import Sténtor projects (.json, .stn), Word scripts (.docx), Excel or CSV tables, PowerPoint presentations (.pptx), SRT or VTT subtitles and text (.txt).","Filen kunde inte läsas. Du kan importera Sténtor-projekt (.json, .stn), Word-manus (.docx), Excel- eller CSV-tabeller, PowerPoint-presentationer (.pptx), SRT- eller VTT-undertexter och text (.txt).","Filen kunne ikke læses. Du kan importere Sténtor-projekter (.json, .stn), Word-manuskripter (.docx), Excel- eller CSV-tabeller, PowerPoint-præsentationer (.pptx), SRT- eller VTT-undertekster og tekst (.txt).","Kunne ikke lese filen. Du kan importere Sténtor-prosjekter (.json, .stn), Word-manus (.docx), Excel- eller CSV-tabeller, PowerPoint-presentasjoner (.pptx), SRT- eller VTT-undertekster og tekst (.txt).","Tiedostoa ei voitu lukea. Voit tuoda Sténtor-projekteja (.json, .stn), Word-käsikirjoituksia (.docx), Excel- tai CSV-taulukoita, PowerPoint-esityksiä (.pptx), SRT- tai VTT-tekstityksiä ja tekstiä (.txt).","Nie udało się odczytać pliku. Można importować projekty Sténtor (.json, .stn), scenariusze Word (.docx), tabele Excel lub CSV, prezentacje PowerPoint (.pptx), napisy SRT lub VTT oraz tekst (.txt).","Soubor se nepodařilo načíst. Importovat lze projekty Sténtor (.json, .stn), scénáře Word (.docx), tabulky Excel nebo CSV, prezentace PowerPoint (.pptx), titulky SRT nebo VTT a text (.txt).","Súbor sa nepodarilo načítať. Importovať môžete projekty Sténtor (.json, .stn), texty z Wordu (.docx), tabuľky Excel alebo CSV, prezentácie PowerPoint (.pptx), titulky SRT alebo VTT a text (.txt).","Datoteku nije moguće pročitati. Možete uvesti projekte Sténtor (.json, .stn), tekstove iz Worda (.docx), tablice iz Excela ili CSV, prezentacije PowerPoint (.pptx), titlove SRT ili VTT i tekst (.txt).","Датотека није могла да се прочита. Можете да увезете Sténtor пројекте (.json, .stn), Word сценарије (.docx), Excel или CSV табеле, PowerPoint презентације (.pptx), SRT или VTT титлове и текст (.txt).","Файлът не може да бъде прочетен. Можете да импортирате проекти на Sténtor (.json, .stn), текстове от Word (.docx), таблици от Excel или CSV, презентации от PowerPoint (.pptx), субтитри SRT или VTT и текст (.txt).","Не удалось прочитать файл. Можно импортировать проекты Sténtor (.json, .stn), сценарии Word (.docx), таблицы Excel или CSV, презентации PowerPoint (.pptx), субтитры SRT или VTT и текст (.txt).","Не вдалося прочитати файл. Можна імпортувати проєкти Sténtor (.json, .stn), тексти п’єс Word (.docx), таблиці Excel або CSV, презентації PowerPoint (.pptx), субтитри SRT або VTT і текст (.txt)."
import.error.empty,Nel file non ho trovato testi da importare.,No text to import was found in the file.,Ingen text att importera hittades i filen.,Der blev ikke fundet nogen tekst at importere i filen.,Fant ingen tekst å importere i filen.,Tiedostosta ei löytynyt tuotavaa tekstiä.,W pliku nie znaleziono tekstów do zaimportowania.,V souboru nebyly nalezeny žádné texty k importu.,V súbore sa nenašli žiadne texty na import.,U datoteci nije pronađen tekst za uvoz.,У датотеци нису пронађени текстови за увоз.,Във файла не е намерен текст за импортиране.,В файле не найден текст для импорта.,У файлі не знайдено тексту для імпорту.
import.language.n,Lingua {n},Language {n},Språk {n},Sprog {n},Språk {n},Kieli {n},Język {n},Jazyk {n},Jazyk {n},Jezik {n},Језик {n},Език {n},Язык {n},Мова {n}
projects.dialog.importFailed.project,Il file selezionato non sembra essere uno spettacolo Sténtor valido.,The selected file does not look like a valid Sténtor show.,Den valda filen verkar inte vara en giltig Sténtor-föreställning.,Den valgte fil ser ikke ud til at være en gyldig Sténtor-forestilling.,Den valgte filen ser ikke ut til å være en gyldig Sténtor-forestilling.,Valittu tiedosto ei näytä olevan kelvollinen Sténtor-esitys.,Wybrany plik nie wygląda na prawidłowy spektakl Sténtor.,Vybraný soubor zřejmě není platná inscenace Sténtor.,Vybraný súbor nevyzerá ako platná inscenácia Sténtor.,Odabrana datoteka ne izgleda kao valjana predstava Sténtor.,Изабрана датотека не изгледа као важећа Sténtor представа.,Избраният файл не изглежда да е валиден спектакъл на Sténtor.,Выбранный файл не похож на корректный спектакль Sténtor.,Вибраний файл не схожий на коректну виставу Sténtor.
projects.dialog.save.title,Salva progetto,Save project,Spara projekt,Gem projekt,Lagre prosjekt,Tallenna projekti,Zapisz projekt,Uložit projekt,Uložiť projekt,Spremi projekt,Сачувај пројекат,Записване на проекта,Сохранить проект,Зберегти проєкт
projects.dialog.saveAs.title,Salva con nome,Save as,Spara som,Gem som,Lagre som,Tallenna nimellä,Zapisz jako,Uložit jako,Uložiť ako,Spremi kao,Сачувај као,Записване като,Сохранить как,Зберегти як
projects.dialog.save.message,Scegli il nome del file progetto da scaricare.,Choose the name of the project file to download.,Välj namn på projektfilen som ska laddas ned.,"Vælg navnet på den projektfil, der skal downloades.",Velg navnet på prosjektfilen som skal lastes ned.,Valitse ladattavan projektitiedoston nimi.,Wybierz nazwę pliku projektu do pobrania.,Zvolte název souboru projektu ke stažení.,Zvoľte názov súboru projektu na stiahnutie.,Odaberite naziv datoteke projekta za preuzimanje.,Изаберите назив датотеке пројекта за преузимање.,Изберете име на файла на проекта за изтегляне.,Выберите имя файла проекта для загрузки.,Виберіть назву файлу проєкту для завантаження.
projects.dialog.save.label,Nome file,File name,Filnamn,Filnavn,Filnavn,Tiedostonimi,Nazwa pliku,Název souboru,Názov súboru,Naziv datoteke,Назив датотеке,Име на файла,Имя файла,Назва файлу
projects.dialog.saveFailed.title,Salvataggio non riuscito,Save failed,Det gick inte att spara,Lagringen mislykkedes,Lagringen mislyktes,Tallennus epäonnistui,Zapisywanie nie powiodło się,Uložení se nezdařilo,Uloženie zlyhalo,Spremanje nije uspjelo,Чување није успело,Записването не бе успешно,Не удалось сохранить,Не вдалося зберегти
projects.dialog.saveFailed.message,Non sono riuscito a salvare il progetto. Puoi provare con “Salva con nome”.,The project could not be saved. You can try “Save as”.,Projektet kunde inte sparas. Du kan försöka med ”Spara som”.,Projektet kunne ikke gemmes. Du kan prøve med »Gem som«.,Kunne ikke lagre prosjektet. Du kan prøve med «Lagre som».,Projektia ei voitu tallentaa. Voit kokeilla toimintoa ”Tallenna nimellä”.,Nie udało się zapisać projektu. Spróbuj użyć opcji „Zapisz jako”.,Projekt se nepodařilo uložit. Můžete zkusit „Uložit jako“.,Projekt sa nepodarilo uložiť. Môžete skúsiť „Uložiť ako“.,Projekt nije moguće spremiti. Pokušajte sa „Spremi kao“.,Пројекат није могао да се сачува. Можете да покушате са „Сачувај као“.,Проектът не може да бъде записан. Опитайте с „Запиши като“.,Не удалось сохранить проект. Попробуйте «Сохранить как».,Не вдалося зберегти проєкт. Спробуйте «Зберегти як».
projects.newShow,Nuovo spettacolo,New show,Ny föreställning,Ny forestilling,Ny forestilling,Uusi esitys,Nowy spektakl,Nová inscenace,Nová inscenácia,Nova predstava,Нова представа,Нов спектакъл,Новый спектакль,Нова вистава
dialog.language.code,Codice lingua,Language code,Språkkod,Sprogkode,Språkkode,Kielikoodi,Kod języka,Kód jazyka,Kód jazyka,Kôd jezika,Код језика,Код на езика,Код языка,Код мови
dialog.language.name,Nome lingua,Language name,Språknamn,Sprognavn,Språknavn,Kielen nimi,Nazwa języka,Název jazyka,Názov jazyka,Naziv jezika,Назив језика,Име на езика,Название языка,Назва мови
dialog.language.copy,Copia nella nuova lingua il testo già presente nella lingua attiva,Copy the text of the active language into the new language,Kopiera texten från det aktiva språket till det nya språket,Kopiér teksten fra det aktive sprog til det nye sprog,Kopier teksten fra det aktive språket til det nye språket,Kopioi aktiivisen kielen teksti uuteen kieleen,Skopiuj do nowego języka tekst z aktywnego języka,"Zkopírovat do nového jazyka text, který už je v aktivním jazyce","Skopírovať do nového jazyka text, ktorý už je v aktívnom jazyku",Kopiraj u novi jezik tekst koji već postoji na aktivnom jeziku,Копирај у нови језик текст који већ постоји на активном језику,Копирай в новия език текста от активния език,Скопировать в новый язык текст активного языка,"Скопіювати в нову мову текст, наявний в активній мові"
app.about.message,"Sténtor Desktop {version}
Sopratitoli per spettacolo dal vivo.","Sténtor Desktop {version}
Surtitles for live performance.","Sténtor Desktop {version}
Övertextning för liveföreställningar.","Sténtor Desktop {version}
Overtekster til liveforestillinger.","Sténtor Desktop {version}
Overtekster for liveforestillinger.","Sténtor Desktop {version}
Tekstitys live-esityksiin.","Sténtor Desktop {version}
Napisy do spektakli na żywo.","Sténtor Desktop {version}
Titulky pro živá představení.","Sténtor Desktop {version}
Titulky pre živé predstavenia.","Sténtor Desktop {version}
Nadnaslovi za izvedbe uživo.","Sténtor Desktop {version}
Надтитлови за представе уживо.","Sténtor Desktop {version}
Надписи за спектакли на живо.","Sténtor Desktop {version}
Титры для живых спектаклей.","Sténtor Desktop {version}
Супертитри для живих вистав."
app.shortcuts.title,Scorciatoie da tastiera,Keyboard shortcuts,Kortkommandon,Tastaturgenveje,Hurtigtaster,Pikanäppäimet,Skróty klawiaturowe,Klávesové zkratky,Klávesové skratky,Tipkovnički prečaci,Пречице на тастатури,Клавишни комбинации,Сочетания клавиш,Клавіатурні скорочення
app.shortcuts.message,"Le scorciatoie si vedono e si cambiano nella card “Scorciatoie”, a destra nella pagina Sopratitoli.","You can see and change the shortcuts in the “Shortcuts” card, on the right of the Surtitles page.","Du ser och ändrar kortkommandona i kortet ”Kortkommandon”, till höger på sidan Övertexter.",Du kan se og ændre genvejene i kortet »Genveje« til højre på siden Overtekster.,"Du ser og endrer hurtigtastene i kortet «Hurtigtaster», til høyre på Overtekster-siden.",Pikanäppäimet näkyvät ja niitä voi muuttaa Pikanäppäimet-kortissa Tekstitys-sivun oikeassa reunassa.,"Skróty można zobaczyć i zmienić w karcie „Skróty”, po prawej stronie widoku Napisy.",Zkratky zobrazíte a změníte na kartě „Zkratky“ vpravo na stránce Titulky.,Skratky si môžete pozrieť a zmeniť na karte „Skratky“ vpravo na stránke Titulky.,"Prečace možete vidjeti i promijeniti u kartici „Prečaci“, s desne strane stranice Nadnaslovi.","Пречице можете да видите и промените у картици „Пречице“, десно на страници Надтитлови.","Клавишите се виждат и променят в картата „Клавиши“, вдясно на страницата „Надписи“.",Сочетания клавиш можно посмотреть и изменить в карточке «Сочетания клавиш» справа на странице «Титры».,Скорочення можна переглянути й змінити в картці «Скорочення» праворуч на сторінці «Супертитри».
screens.aria,Schermi Sténtor Lite,Sténtor Lite screens,Skärmar i Sténtor Lite,Sténtor Lite-skærme,Sténtor Lite-skjermer,Sténtor Lite -näytöt,Ekrany Sténtor Lite,Obrazovky Sténtor Lite,Obrazovky Sténtor Lite,Zasloni Sténtor Lite,Sténtor Lite екрани,Екрани на Sténtor Lite,Экраны Sténtor Lite,Екрани Sténtor Lite
screens.toolbar.aria,Controlli Schermi,Screen controls,Skärmkontroller,Skærmstyring,Skjermkontroller,Näyttöjen säätimet,Sterowanie ekranami,Ovládání obrazovek,Ovládanie obrazoviek,Kontrole zaslona,Контроле екрана,Управление на екраните,Управление экранами,Керування екранами
screens.eyebrow,Schermi,Screens,Skärmar,Skærme,Skjermer,Näytöt,Ekrany,Obrazovky,Obrazovky,Zasloni,Екрани,Екрани,Экраны,Екрани
screens.add,+ Aggiungi schermo,+ Add screen,+ Lägg till skärm,+ Tilføj skærm,+ Legg til skjerm,+ Lisää näyttö,+ Dodaj ekran,+ Přidat obrazovku,+ Pridať obrazovku,+ Dodaj zaslon,+ Додај екран,+ Добави екран,+ Добавить экран,+ Додати екран
screens.open,Apri schermo,Open screen,Öppna skärm,Åbn skærm,Åpne skjerm,Avaa näyttö,Otwórz ekran,Otevřít obrazovku,Otvoriť obrazovku,Otvori zaslon,Отвори екран,Отвори екрана,Открыть экран,Відкрити екран
screens.fullscreen,Schermo intero,Fullscreen,Helskärm,Fuld skærm,Fullskjerm,Koko näyttö,Pełny ekran,Celá obrazovka,Celá obrazovka,Cijeli zaslon,Цео екран,Цял екран,Полный экран,На весь екран
screens.blackout,Buio,Blackout,Svart skärm,Blackout,Svart skjerm,Pimennys,Wygaszenie,Zatemnění,Zatemnenie,Zatamnjenje,Затамњење,Затъмнение,Затемнение,Затемнення
screens.showText,Mostra testo,Show text,Visa text,Vis tekst,Vis tekst,Näytä teksti,Pokaż tekst,Zobrazit text,Zobraziť text,Prikaži tekst,Прикажи текст,Покажи текста,Показать текст,Показати текст
screens.list.aria,Schermi configurati,Configured screens,Konfigurerade skärmar,Konfigurerede skærme,Konfigurerte skjermer,Määritetyt näytöt,Skonfigurowane ekrany,Nastavené obrazovky,Nastavené obrazovky,Konfigurirani zasloni,Подешени екрани,Настроени екрани,Настроенные экраны,Налаштовані екрани
screens.preview,Anteprima,Preview,Förhandsvisning,Eksempel,Forhåndsvisning,Esikatselu,Podgląd,Náhled,Náhľad,Pretpregled,Преглед,Преглед,Предпросмотр,Перегляд
screens.inspector.aria,Impostazioni schermo,Screen settings,Skärminställningar,Skærmindstillinger,Skjerminnstillinger,Näytön asetukset,Ustawienia ekranu,Nastavení obrazovky,Nastavenia obrazovky,Postavke zaslona,Подешавања екрана,Настройки на екрана,Настройки экрана,Налаштування екрана
screens.inspector.title,Impostazioni,Settings,Inställningar,Indstillinger,Innstillinger,Asetukset,Ustawienia,Nastavení,Nastavenia,Postavke,Подешавања,Настройки,Настройки,Налаштування
screens.section.screen,Schermo,Screen,Skärm,Skærm,Skjerm,Näyttö,Ekran,Obrazovka,Obrazovka,Zaslon,Екран,Екран,Экран,Екран
screens.field.name,Nome,Name,Namn,Navn,Navn,Nimi,Nazwa,Název,Názov,Naziv,Назив,Име,Имя,Назва
screens.field.language,Lingua,Language,Språk,Sprog,Språk,Kieli,Język,Jazyk,Jazyk,Jezik,Језик,Език,Язык,Мова
screens.field.followActive,Segue lingua attiva,Follows the active language,Följer det aktiva språket,Følger det aktive sprog,Følger aktivt språk,Seuraa aktiivista kieltä,Zgodnie z aktywnym językiem,Sleduje aktivní jazyk,Podľa aktívneho jazyka,Prati aktivni jezik,Прати активни језик,Следва активния език,Следует активному языку,За активною мовою
screens.field.format,Formato,Format,Format,Format,Format,Muoto,Format,Formát,Formát,Format,Формат,Формат,Формат,Формат
screens.section.look,Aspetto,Appearance,Utseende,Udseende,Utseende,Ulkoasu,Wygląd,Vzhled,Vzhľad,Izgled,Изглед,Външен вид,Оформление,Вигляд
screens.field.font,Carattere,Font,Typsnitt,Skrifttype,Skrift,Fontti,Czcionka,Písmo,Písmo,Font,Фонт,Шрифт,Шрифт,Шрифт
screens.field.size,Dimensione,Size,Storlek,Størrelse,Størrelse,Koko,Rozmiar,Velikost,Veľkosť,Veličina,Величина,Размер,Размер,Розмір
screens.field.width,Larghezza,Width,Bredd,Bredde,Bredde,Leveys,Szerokość,Šířka,Šírka,Širina,Ширина,Ширина,Ширина,Ширина
screens.field.position,Posizione,Position,Placering,Placering,Plassering,Sijainti,Położenie,Umístění,Poloha,Položaj,Положај,Позиция,Положение,Положення
screens.position.top,Alto,Top,Överst,Øverst,Øverst,Ylhäällä,Góra,Nahoře,Hore,Gore,Горе,Горе,Сверху,Угорі
screens.position.center,Centro,Centre,Mitten,Midt,Midt,Keskellä,Środek,Uprostřed,Stred,Sredina,Средина,Център,По центру,По центру
screens.position.bottom,Basso,Bottom,Nederst,Nederst,Nederst,Alhaalla,Dół,Dole,Dole,Dolje,Доле,Долу,Снизу,Унизу
screens.field.text,Testo,Text,Text,Tekst,Tekst,Teksti,Tekst,Text,Text,Tekst,Текст,Текст,Текст,Текст
screens.field.background,Sfondo,Background,Bakgrund,Baggrund,Bakgrunn,Tausta,Tło,Pozadí,Pozadie,Pozadina,Позадина,Фон,Фон,Тло
screens.resetStyle,Ripristina stile,Reset style,Återställ stil,Gendan typografi,Tilbakestill stil,Palauta tyyli,Przywróć styl,Obnovit styl,Obnoviť štýl,Vrati stil,Врати стил,Възстанови стила,Сбросить стиль,Відновити стиль
screens.delete,Elimina schermo,Delete screen,Radera skärm,Slet skærm,Slett skjerm,Poista näyttö,Usuń ekran,Odstranit obrazovku,Odstrániť obrazovku,Izbriši zaslon,Обриши екран,Изтрий екрана,Удалить экран,Видалити екран
screens.status.blackout,Buio,Blackout,Svart,Blackout,Svart,Pimennys,Wygaszony,Zatemnění,Zatemnenie,Zatamnjenje,Затамњење,Затъмнение,Затемнение,Затемнення
screens.status.live,Live,Live,Live,Live,Live,Live,Na żywo,Živě,Naživo,Uživo,Уживо,На живо,В эфире,Live
screens.status.active,Attivo,Active,Aktiv,Aktiv,Aktiv,Aktiivinen,Aktywny,Aktivní,Aktívna,Aktivno,Активан,Активен,Активен,Активний
screens.aspect.16:9,16:9 panoramico,16:9 widescreen,16:9 bredbild,16:9 widescreen,16:9 bredformat,16:9 laajakuva,16:9 panoramiczny,16:9 širokoúhlý,16:9 širokouhlý,16:9 široki,16:9 широки,16:9 широкоекранен,16:9 широкий,16:9 широкий
screens.aspect.4:3,4:3 classico,4:3 classic,4:3 klassisk,4:3 klassisk,4:3 klassisk,4:3 perinteinen,4:3 klasyczny,4:3 klasický,4:3 klasický,4:3 klasični,4:3 класични,4:3 класически,4:3 классический,4:3 класичний
screens.aspect.free,Libero,Free,Fritt,Fri,Fritt,Vapaa,Dowolny,Volný,Voľný,Slobodno,Слободно,Свободен,Свободный,Довільний
screens.font.system,Sistema sans,System sans,Systemets sans serif,System sans,Systemskrift (sans),Järjestelmän sans,Systemowa bezszeryfowa,Systémové bezpatkové,Systémové bezpätkové,Sistemski sans,Системски sans,Системен sans,Системный без засечек,Системний без засічок
screens.previewText.empty,Schermo pulito,Empty screen,Tom skärm,Tom skærm,Tom skjerm,Tyhjä näyttö,Pusty ekran,Prázdná obrazovka,Prázdna obrazovka,Prazan zaslon,Празан екран,Празен екран,Пустой экран,Чистий екран
screens.dialog.new.title,Nuovo schermo,New screen,Ny skärm,Ny skærm,Ny skjerm,Uusi näyttö,Nowy ekran,Nová obrazovka,Nová obrazovka,Novi zaslon,Нови екран,Нов екран,Новый экран,Новий екран
screens.dialog.new.message,Dai un nome al nuovo schermo.,Give the new screen a name.,Ge den nya skärmen ett namn.,Giv den nye skærm et navn.,Gi den nye skjermen et navn.,Anna uudelle näytölle nimi.,Nadaj nazwę nowemu ekranowi.,Pojmenujte novou obrazovku.,Pomenujte novú obrazovku.,Dajte naziv novom zaslonu.,Дајте назив новом екрану.,Дайте име на новия екран.,Дайте имя новому экрану.,Дайте назву новому екрану.
screens.dialog.new.label,Nome schermo,Screen name,Skärmens namn,Skærmnavn,Skjermnavn,Näytön nimi,Nazwa ekranu,Název obrazovky,Názov obrazovky,Naziv zaslona,Назив екрана,Име на екрана,Имя экрана,Назва екрана
screens.dialog.new.default,Nuovo schermo,New screen,Ny skärm,Ny skærm,Ny skjerm,Uusi näyttö,Nowy ekran,Nová obrazovka,Nová obrazovka,Novi zaslon,Нови екран,Нов екран,Новый экран,Новий екран
screens.dialog.new.confirm,Crea,Create,Skapa,Opret,Opprett,Luo,Utwórz,Vytvořit,Vytvoriť,Stvori,Направи,Създай,Создать,Створити
screens.dialog.delete.title,Elimina schermo,Delete screen,Radera skärm,Slet skærm,Slett skjerm,Poista näyttö,Usuń ekran,Odstranit obrazovku,Odstrániť obrazovku,Izbriši zaslon,Обриши екран,Изтриване на екран,Удалить экран,Видалити екран
screens.dialog.delete.message,Eliminare lo schermo “{name}”?,Delete the screen “{name}”?,Vill du radera skärmen ”{name}”?,Vil du slette skærmen »{name}«?,Vil du slette skjermen «{name}»?,Poistetaanko näyttö ”{name}”?,Usunąć ekran „{name}”?,Odstranit obrazovku „{name}“?,Odstrániť obrazovku „{name}“?,Izbrisati zaslon „{name}“?,Обрисати екран „{name}“?,Да се изтрие ли екранът „{name}“?,Удалить экран «{name}»?,Видалити екран «{name}»?
screens.dialog.blocked.title,Schermo di proiezione non aperto,Projection screen not opened,Projiceringsskärmen öppnades inte,Projektionsskærmen blev ikke åbnet,Projeksjonsskjermen ble ikke åpnet,Projisointinäyttöä ei avattu,Nie otwarto ekranu projekcji,Projekční obrazovka nebyla otevřena,Projekčná obrazovka sa neotvorila,Zaslon projekcije nije otvoren,Екран за пројекцију није отворен,Екранът за прожекция не е отворен,Экран проекции не открыт,Екран проєкції не відкрито
screens.dialog.blocked.message,Il programma non è riuscito ad aprire lo schermo di proiezione. Consenti le finestre a comparsa per Sténtor e riprova.,The projection screen could not be opened. Allow pop-up windows for Sténtor and try again.,Programmet kunde inte öppna projiceringsskärmen. Tillåt popup-fönster för Sténtor och försök igen.,"Projektionsskærmen kunne ikke åbnes. Tillad pop op-vinduer for Sténtor, og prøv igen.","Programmet kunne ikke åpne projeksjonsskjermen. Tillat popup-vinduer for Sténtor, og prøv igjen.",Projisointinäyttöä ei voitu avata. Salli ponnahdusikkunat Sténtorille ja yritä uudelleen.,Nie udało się otworzyć ekranu projekcji. Zezwól na wyskakujące okna dla programu Sténtor i spróbuj ponownie.,Projekční obrazovku se nepodařilo otevřít. Povolte pro Sténtor vyskakovací okna a zkuste to znovu.,Program nedokázal otvoriť projekčnú obrazovku. Povoľte pre Sténtor vyskakovacie okná a skúste to znova.,Program nije uspio otvoriti zaslon projekcije. Dopustite skočne prozore za Sténtor i pokušajte ponovno.,Програм није успео да отвори екран за пројекцију. Дозволите искачуће прозоре за Sténtor и покушајте поново.,Програмата не успя да отвори екрана за прожекция. Разрешете изскачащите прозорци за Sténtor и опитайте отново.,Не удалось открыть экран проекции. Разрешите всплывающие окна для Sténtor и повторите попытку.,Програмі не вдалося відкрити екран проєкції. Дозвольте спливні вікна для Sténtor і спробуйте ще раз.
settings.title,Impostazioni,Settings,Inställningar,Indstillinger,Innstillinger,Asetukset,Ustawienia,Nastavení,Nastavenia,Postavke,Подешавања,Настройки,Настройки,Налаштування
settings.subtitle,Lingua dell’interfaccia e informazioni sull’applicazione.,Interface language and app information.,Gränssnittets språk och information om programmet.,Grænsefladesprog og oplysninger om appen.,Språk i grensesnittet og informasjon om programmet.,Käyttöliittymän kieli ja sovelluksen tiedot.,Język interfejsu i informacje o aplikacji.,Jazyk rozhraní a informace o aplikaci.,Jazyk rozhrania a informácie o aplikácii.,Jezik sučelja i podaci o aplikaciji.,Језик интерфејса и информације о апликацији.,Език на интерфейса и информация за приложението.,Язык интерфейса и сведения о приложении.,Мова інтерфейсу та відомості про програму.
settings.interface,Interfaccia,Interface,Gränssnitt,Grænseflade,Grensesnitt,Käyttöliittymä,Interfejs,Rozhraní,Rozhranie,Sučelje,Интерфејс,Интерфейс,Интерфейс,Інтерфейс
settings.appLanguage,Lingua interfaccia,Interface language,Gränssnittets språk,Grænsefladesprog,Språk i grensesnittet,Käyttöliittymän kieli,Język interfejsu,Jazyk rozhraní,Jazyk rozhrania,Jezik sučelja,Језик интерфејса,Език на интерфейса,Язык интерфейса,Мова інтерфейсу
settings.appLanguageHelp,Cambia la lingua dei comandi e dell’interfaccia dell’applicazione. Le lingue del copione e degli schermi restano separate.,Changes the language of the app’s commands and interface. Script and screen languages stay separate.,Ändrar språket för programmets kommandon och gränssnitt. Manusets och skärmarnas språk påverkas inte.,Skifter sproget for appens kommandoer og grænseflade. Sprogene i manuskriptet og på skærmene er separate.,Endrer språket i programmets kommandoer og grensesnitt. Språkene i manuset og på skjermene er atskilt fra dette.,Vaihtaa sovelluksen komentojen ja käyttöliittymän kielen. Käsikirjoituksen ja näyttöjen kielet pysyvät erillisinä.,Zmienia język poleceń i interfejsu aplikacji. Języki scenariusza i ekranów pozostają niezależne.,Změní jazyk příkazů a rozhraní aplikace. Jazyky scénáře a obrazovek zůstávají samostatné.,Zmení jazyk príkazov a rozhrania aplikácie. Jazyky textu a obrazoviek zostávajú oddelené.,Mijenja jezik naredbi i sučelja aplikacije. Jezici teksta predstave i zaslona ostaju odvojeni.,Мења језик команди и интерфејса апликације. Језици сценарија и екрана остају засебни.,Сменя езика на командите и интерфейса на приложението. Езиците на текста и на екраните са отделни.,Меняет язык команд и интерфейса приложения. Языки сценария и экранов настраиваются отдельно.,Змінює мову команд та інтерфейсу програми. Мови тексту й екранів налаштовуються окремо.
settings.about,Informazioni,About,Om,Om,Om,Tietoja,Informacje,O aplikaci,O aplikácii,O aplikaciji,О апликацији,Информация,О программе,Про програму
settings.version,Versione,Version,Version,Version,Versjon,Versio,Wersja,Verze,Verzia,Verzija,Верзија,Версия,Версия,Версія
settings.language.close,Chiudi,Close,Stäng,Luk,Lukk,Sulje,Zamknij,Zavřít,Zavrieť,Zatvori,Затвори,Затвори,Закрыть,Закрити
settings.language.eyebrow,Lingua interfaccia,Interface language,Gränssnittets språk,Grænsefladesprog,Språk i grensesnittet,Käyttöliittymän kieli,Język interfejsu,Jazyk rozhraní,Jazyk rozhrania,Jezik sučelja,Језик интерфејса,Език на интерфейса,Язык интерфейса,Мова інтерфейсу
settings.language.title,Scegli la lingua di Sténtor,Choose Sténtor’s language,Välj språk för Sténtor,Vælg Sténtors sprog,Velg språk for Sténtor,Valitse Sténtorin kieli,Wybierz język programu Sténtor,Zvolte jazyk aplikace Sténtor,Vyberte jazyk Sténtora,Odaberite jezik Sténtora,Изаберите језик програма Sténtor,Изберете езика на Sténtor,Выберите язык Sténtor,Виберіть мову Sténtor
settings.language.help,"Modifica comandi, menu e impostazioni. Le lingue del copione restano separate.","Changes commands, menus and settings. Script languages stay separate.","Ändrar kommandon, menyer och inställningar. Manusets språk påverkas inte.","Skifter kommandoer, menuer og indstillinger. Sprogene i manuskriptet er separate.","Endrer kommandoer, menyer og innstillinger. Språkene i manuset er atskilt fra dette.","Vaihtaa komentojen, valikoiden ja asetusten kielen. Käsikirjoituksen kielet pysyvät erillisinä.","Zmienia polecenia, menu i ustawienia. Języki scenariusza pozostają niezależne.","Změní příkazy, nabídky a nastavení. Jazyky scénáře zůstávají samostatné.","Zmení príkazy, ponuky a nastavenia. Jazyky textu zostávajú oddelené.","Mijenja naredbe, izbornike i postavke. Jezici teksta predstave ostaju odvojeni.","Мења команде, меније и подешавања. Језици сценарија остају засебни.","Сменя командите, менютата и настройките. Езиците на текста са отделни.","Меняет язык команд, меню и настроек. Языки сценария настраиваются отдельно.","Змінює команди, меню й налаштування. Мови тексту налаштовуються окремо."
settings.language.current,Attuale: {name},Current: {name},Nuvarande: {name},Aktuelt: {name},Nåværende: {name},Nykyinen: {name},Obecny: {name},Aktuální: {name},Aktuálny: {name},Trenutni: {name},Тренутни: {name},Текущ: {name},Текущий: {name},Поточна: {name}
settings.language.chosen,Scelta: {name},Selected: {name},Valt: {name},Valgt: {name},Valgt: {name},Valittu: {name},Wybrany: {name},Vybráno: {name},Vybraný: {name},Odabrano: {name},Изабрани: {name},Избран: {name},Выбран: {name},Вибрано: {name}
settings.language.cancel,Annulla,Cancel,Avbryt,Annuller,Avbryt,Peruuta,Anuluj,Zrušit,Zrušiť,Odustani,Откажи,Отказ,Отменить,Скасувати
settings.language.confirm,Scegli lingua,Choose language,Välj språk,Vælg sprog,Velg språk,Valitse kieli,Wybierz język,Zvolit jazyk,Vybrať jazyk,Odaberi jezik,Изабери језик,Избери езика,Выбрать язык,Вибрати мову
feedback.card.title,Feedback,Feedback,Feedback,Feedback,Tilbakemelding,Palaute,Opinia,Zpětná vazba,Spätná väzba,Povratne informacije,Утисци,Обратна връзка,Отзыв,Відгук
feedback.card.text,Aiutaci a migliorare Sténtor Lite: bastano un paio di minuti.,Help us improve Sténtor Lite: it only takes a couple of minutes.,Hjälp oss att förbättra Sténtor Lite: det tar bara ett par minuter.,Hjælp os med at forbedre Sténtor Lite: det tager kun et par minutter.,Hjelp oss med å gjøre Sténtor Lite bedre: det tar bare et par minutter.,Auta meitä parantamaan Sténtor Liteä: se vie vain pari minuuttia.,Pomóż nam ulepszyć Sténtor Lite: zajmie to tylko kilka minut.,Pomozte nám vylepšit Sténtor Lite: stačí pár minut.,Pomôžte nám zlepšiť Sténtor Lite: stačí pár minút.,Pomozite nam poboljšati Sténtor Lite: potrebno je samo nekoliko minuta.,Помозите нам да побољшамо Sténtor Lite: потребно је свега неколико минута.,Помогнете ни да подобрим Sténtor Lite: отнема само няколко минути.,Помогите улучшить Sténtor Lite: это займёт всего пару минут.,Допоможіть покращити Sténtor Lite: це займе лише кілька хвилин.
feedback.card.button,Invia un feedback,Send feedback,Skicka feedback,Send feedback,Send tilbakemelding,Lähetä palautetta,Wyślij opinię,Odeslat zpětnou vazbu,Poslať spätnú väzbu,Pošalji povratne informacije,Пошаљи утиске,Изпрати обратна връзка,Оставить отзыв,Надіслати відгук
feedback.title,Il tuo parere su Sténtor Lite,Your opinion on Sténtor Lite,Vad tycker du om Sténtor Lite?,Din mening om Sténtor Lite,Hva synes du om Sténtor Lite?,Mielipiteesi Sténtor Lite -sovelluksesta,Twoja opinia o Sténtor Lite,Váš názor na Sténtor Lite,Váš názor na Sténtor Lite,Vaše mišljenje o Sténtor Lite,Ваше мишљење о програму Sténtor Lite,Вашето мнение за Sténtor Lite,Ваше мнение о Sténtor Lite,Ваша думка про Sténtor Lite
feedback.intro,Le risposte arrivano all’autore di Sténtor via email: prima di inviare vedrai il messaggio completo.,Your answers reach Sténtor’s author by email: you will see the full message before sending it.,Svaren skickas till Sténtors upphovsperson via e-post: du ser hela meddelandet innan du skickar det.,"Dine svar sendes til Sténtors udvikler via e-mail: du ser hele beskeden, før du sender den.",Svarene sendes på e-post til utvikleren av Sténtor: du ser hele meldingen før du sender den.,Vastaukset lähetetään Sténtorin tekijälle sähköpostitse: näet koko viestin ennen lähettämistä.,Odpowiedzi trafiają do autora programu Sténtor e-mailem: przed wysłaniem zobaczysz całą wiadomość.,Odpovědi dostane autor aplikace Sténtor e-mailem: před odesláním uvidíte celou zprávu.,Odpovede dostane autor Sténtora e-mailom: pred odoslaním uvidíte celú správu.,Odgovori stižu autoru Sténtora e-poštom: prije slanja vidjet ćete cijelu poruku.,Одговори стижу аутору програма Sténtor имејлом: пре слања видећете целу поруку.,Отговорите стигат до автора на Sténtor по имейл: преди изпращане ще видите цялото съобщение.,Ответы придут автору Sténtor по электронной почте: перед отправкой вы увидите всё сообщение.,Відповіді надходять авторові Sténtor електронною поштою: перед надсиланням ви побачите повний текст листа.
feedback.close,Chiudi,Close,Stäng,Luk,Lukk,Sulje,Zamknij,Zavřít,Zavrieť,Zatvori,Затвори,Затвори,Закрыть,Закрити
feedback.q.overall,"Nel complesso, quanto ti piace Sténtor Lite?","Overall, how much do you like Sténtor Lite?",Hur mycket gillar du Sténtor Lite överlag?,Hvor godt kan du samlet set lide Sténtor Lite?,Hvor godt liker du Sténtor Lite alt i alt?,"Kaiken kaikkiaan, kuinka paljon pidät Sténtor Lite -sovelluksesta?",Jak ogólnie podoba ci się Sténtor Lite?,Jak se vám Sténtor Lite celkově líbí?,Ako sa vám celkovo páči Sténtor Lite?,Koliko vam se sveukupno sviđa Sténtor Lite?,"Колико вам се, све у свему, допада Sténtor Lite?","Като цяло, доколко ви харесва Sténtor Lite?",Насколько вам в целом нравится Sténtor Lite?,"Загалом, наскільки вам подобається Sténtor Lite?"
feedback.q.ease,Quanto è facile da usare?,How easy is it to use?,Hur lätt är det att använda?,Hvor let er det at bruge?,Hvor lett er det å bruke?,Kuinka helppo sitä on käyttää?,Jak łatwy jest w obsłudze?,Jak snadno se používá?,Aký jednoduchý je na používanie?,Koliko je jednostavan za korištenje?,Колико је једноставан за коришћење?,Колко лесно се използва?,Насколько им легко пользоваться?,Наскільки легко ним користуватися?
feedback.scale.low,Poco,Not much,Lite,Lidt,Lite,Vähän,Mało,Málo,Málo,Malo,Мало,Малко,Мало,Мало
feedback.scale.high,Molto,A lot,Mycket,Meget,Mye,Paljon,Bardzo,Hodně,Veľmi,Jako,Много,Много,Очень,Дуже
feedback.rating.aria,{value} su 5,{value} out of 5,{value} av 5,{value} af 5,{value} av 5,{value}/5,{value} z 5,{value} z 5,{value} z 5,{value} od 5,{value} од 5,{value} от 5,{value} из 5,{value} з 5
feedback.q.recommend,Lo consiglieresti a un collega?,Would you recommend it to a colleague?,Skulle du rekommendera det till en kollega?,Vil du anbefale det til en kollega?,Ville du anbefalt det til en kollega?,Suosittelisitko sitä kollegalle?,Czy polecił(a)byś go koledze lub koleżance?,Doporučili byste ho kolegovi nebo kolegyni?,Odporučili by ste ho kolegovi alebo kolegyni?,Biste li ga preporučili kolegi?,Да ли бисте га препоручили колеги?,Бихте ли го препоръчали на колега?,Вы бы посоветовали его коллеге?,Ви порадили б його колезі?
feedback.recommend.yes,Sì,Yes,Ja,Ja,Ja,Kyllä,Tak,Ano,Áno,Da,Да,Да,Да,Так
feedback.recommend.maybe,Forse,Maybe,Kanske,Måske,Kanskje,Ehkä,Może,Možná,Možno,Možda,Можда,Може би,Возможно,Можливо
feedback.recommend.no,No,No,Nej,Nej,Nei,Ei,Nie,Ne,Nie,Ne,Не,Не,Нет,Ні
feedback.q.context,Dove lo usi?,Where do you use it?,Var använder du det?,Hvor bruger du det?,Hvor bruker du det?,Missä käytät sitä?,Gdzie go używasz?,Kde ho používáte?,Kde ho používate?,Gdje ga koristite?,Где га користите?,Къде го използвате?,Где вы им пользуетесь?,Де ви ним користуєтеся?
feedback.multiple,anche più di una risposta,more than one answer allowed,flera svar möjliga,du kan vælge flere svar,du kan velge flere svar,voit valita useamman,można wybrać kilka odpowiedzi,lze zvolit více odpovědí,môžete zvoliť viac odpovedí,moguće je više odgovora,можете изабрати више одговора,възможни са няколко отговора,можно выбрать несколько ответов,можна вибрати кілька відповідей
feedback.context.rehearsals,Prove,Rehearsals,Repetitioner,Prøver,Prøver,Harjoitukset,Próby,Zkoušky,Skúšky,Probe,Пробе,Репетиции,Репетиции,Репетиції
feedback.context.shows,Spettacoli,Performances,Föreställningar,Forestillinger,Forestillinger,Esitykset,Przedstawienia,Představení,Predstavenia,Predstave,Представе,Представления,Спектакли,Вистави
feedback.context.festivals,Festival,Festivals,Festivaler,Festivaler,Festivaler,Festivaalit,Festiwale,Festivaly,Festivaly,Festivali,Фестивали,Фестивали,Фестивали,Фестивалі
feedback.context.education,Scuola o università,School or university,Skola eller universitet,Skole eller universitet,Skole eller universitet,Koulu tai yliopisto,Szkoła lub uczelnia,Škola nebo univerzita,Škola alebo univerzita,Škola ili fakultet,Школа или факултет,Училище или университет,Школа или вуз,Школа або університет
feedback.context.other,Altro,Other,Annat,Andet,Annet,Muu,Inne,Jiné,Iné,Ostalo,Друго,Друго,Другое,Інше
feedback.q.feature,Quale parte usi di più?,Which part do you use most?,Vilken del använder du mest?,Hvilken del bruger du mest?,Hvilken del bruker du mest?,Mitä osaa käytät eniten?,Której części używasz najczęściej?,Kterou část používáte nejvíc?,Ktorú časť používate najviac?,Koji dio najviše koristite?,Који део највише користите?,Коя част използвате най-много?,Какой частью вы пользуетесь чаще всего?,Якою частиною ви користуєтеся найбільше?
feedback.feature.live,Conduzione dal vivo,Running the show live,Körning live,Afvikling af forestillingen live,Kjøring av forestillingen live,Esityksen ajo livenä,Prowadzenie spektaklu na żywo,Řízení živého představení,Riadenie predstavenia naživo,Vođenje predstave uživo,Вођење представе уживо,Водене на спектакъла на живо,Ведение спектакля,Ведення вистави наживо
feedback.feature.editor,Scrittura e modifica delle battute,Writing and editing cues,Skriva och redigera repliker,Skrivning og redigering af replikker,Skriving og redigering av replikker,Repliikkien kirjoittaminen ja muokkaus,Pisanie i edycja kwestii,Psaní a úpravy replik,Písanie a úprava replík,Pisanje i uređivanje replika,Писање и измена реплика,Писане и редактиране на реплики,Написание и правка реплик,Написання й редагування реплік
feedback.feature.screens,Schermi e proiezione,Screens and projection,Skärmar och projicering,Skærme og projektion,Skjermer og projeksjon,Näytöt ja projisointi,Ekrany i projekcja,Obrazovky a projekce,Obrazovky a projekcia,Zasloni i projekcija,Екрани и пројекција,Екрани и прожекция,Экраны и проекция,Екрани та проєкція
feedback.feature.timing,Tempi,Timing,Tider,Tider,Tidtaking,Ajoitus,Czasy,Časování,Časovanie,Vrijeme,Тајминг,Хронометраж,Хронометраж,Хронометраж
feedback.feature.languages,Lingue e traduzioni,Languages and translations,Språk och översättningar,Sprog og oversættelser,Språk og oversettelser,Kielet ja käännökset,Języki i tłumaczenia,Jazyky a překlady,Jazyky a preklady,Jezici i prijevodi,Језици и преводи,Езици и преводи,Языки и переводы,Мови та переклади
feedback.q.liked,Cosa ti piace di più?,What do you like most?,Vad gillar du mest?,Hvad kan du bedst lide?,Hva liker du best?,Mistä pidät eniten?,Co podoba ci się najbardziej?,Co se vám líbí nejvíc?,Čo sa vám páči najviac?,Što vam se najviše sviđa?,Шта вам се највише допада?,Какво ви харесва най-много?,Что вам нравится больше всего?,Що вам подобається найбільше?
feedback.q.improve,Cosa miglioreresti o aggiungeresti?,What would you improve or add?,Vad skulle du förbättra eller lägga till?,Hvad ville du forbedre eller tilføje?,Hva ville du forbedret eller lagt til?,Mitä parantaisit tai lisäisit?,Co warto ulepszyć lub dodać?,Co byste vylepšili nebo přidali?,Čo by ste zlepšili alebo pridali?,Što biste poboljšali ili dodali?,Шта бисте побољшали или додали?,Какво бихте подобрили или добавили?,Что бы вы улучшили или добавили?,Що б ви покращили або додали?
feedback.q.problems,Hai incontrato problemi o errori?,Did you run into any problems or errors?,Har du stött på problem eller fel?,Er du stødt på problemer eller fejl?,Har du støtt på problemer eller feil?,Kohtasitko ongelmia tai virheitä?,Czy wystąpiły jakieś problemy lub błędy?,Narazili jste na nějaké problémy nebo chyby?,Narazili ste na nejaké problémy alebo chyby?,Jeste li naišli na probleme ili pogreške?,Да ли сте наишли на проблеме или грешке?,Срещнахте ли проблеми или грешки?,Возникали ли проблемы или ошибки?,Чи траплялися вам проблеми або помилки?
feedback.placeholder,Scrivi qui…,Write here…,Skriv här…,Skriv her…,Skriv her …,Kirjoita tähän…,Napisz tutaj…,Pište sem…,Píšte sem…,Pišite ovdje…,Пишите овде…,Пишете тук…,Напишите здесь…,Напишіть тут…
feedback.q.contact,"Nome o email, se vuoi essere ricontattato (facoltativo)","Name or email, if you’d like to be contacted (optional)","Namn eller e-post, om du vill bli kontaktad (valfritt)","Navn eller e-mail, hvis du vil kontaktes (valgfrit)",Navn eller e-post hvis du vil bli kontaktet (valgfritt),"Nimi tai sähköposti, jos haluat yhteydenoton (valinnainen)","Imię lub e-mail, jeśli chcesz, żebyśmy się z tobą skontaktowali (opcjonalnie)","Jméno nebo e-mail, pokud chcete, abychom se vám ozvali (nepovinné)","Meno alebo e-mail, ak chcete, aby sme sa vám ozvali (nepovinné)","Ime ili e-adresa, ako želite da vam se javimo (neobavezno)","Име или имејл, ако желите да вас контактирамо (опционално)","Име или имейл, ако искате да се свържем с вас (по желание)","Имя или email, если хотите получить ответ (необязательно)","Ім’я або email, якщо хочете, щоб з вами зв’язалися (необов’язково)"
feedback.copy,Copia il testo,Copy the text,Kopiera texten,Kopiér teksten,Kopier teksten,Kopioi teksti,Kopiuj tekst,Zkopírovat text,Kopírovať text,Kopiraj tekst,Копирај текст,Копирай текста,Скопировать текст,Скопіювати текст
feedback.copied,Testo copiato: puoi incollarlo in un’email a {email}.,Text copied: you can paste it into an email to {email}.,Texten har kopierats: du kan klistra in den i ett e-postmeddelande till {email}.,Teksten er kopieret: du kan indsætte den i en e-mail til {email}.,Teksten er kopiert: du kan lime den inn i en e-post til {email}.,Teksti kopioitu: voit liittää sen sähköpostiviestiin osoitteeseen {email}.,Skopiowano tekst: możesz wkleić go do e-maila na adres {email}.,Text zkopírován: můžete ho vložit do e-mailu na adresu {email}.,Text bol skopírovaný: môžete ho vložiť do e-mailu na adresu {email}.,Tekst je kopiran: možete ga zalijepiti u e-poruku na {email}.,Текст је копиран: можете да га налепите у имејл за {email}.,Текстът е копиран: можете да го поставите в имейл до {email}.,Текст скопирован: вставьте его в письмо на адрес {email}.,Текст скопійовано: вставте його в лист на адресу {email}.
feedback.copyFailed,Non è stato possibile copiare il testo. Scrivi a {email}.,The text could not be copied. Please write to {email}.,Det gick inte att kopiera texten. Skriv till {email}.,Teksten kunne ikke kopieres. Skriv til {email}.,Kunne ikke kopiere teksten. Skriv til {email}.,Tekstiä ei voitu kopioida. Kirjoita osoitteeseen {email}.,Nie udało się skopiować tekstu. Napisz na adres {email}.,Text se nepodařilo zkopírovat. Napište na adresu {email}.,Text sa nepodarilo skopírovať. Napíšte na adresu {email}.,Tekst nije moguće kopirati. Pišite na {email}.,Текст није могао да се копира. Пишите на {email}.,Текстът не можа да бъде копиран. Пишете на {email}.,Не удалось скопировать текст. Напишите на адрес {email}.,Не вдалося скопіювати текст. Напишіть на {email}.
feedback.send,Prepara email,Prepare email,Förbered e-post,Forbered e-mail,Klargjør e-post,Valmistele sähköposti,Przygotuj e-mail,Připravit e-mail,Pripraviť e-mail,Pripremi e-poruku,Припреми имејл,Подготви имейл,Подготовить письмо,Підготувати лист
feedback.sent,Si è aperta la tua app di posta con il messaggio pronto: controllalo e premi Invia.,Your mail app has opened with the message ready: check it and press Send.,Ditt e-postprogram har öppnats med meddelandet klart: kontrollera det och tryck på Skicka.,"Din mailapp er åbnet med beskeden klar: tjek den, og tryk på Send.",E-postprogrammet ditt er åpnet med meldingen klar: kontroller den og trykk på Send.,Sähköpostisovellus avautui valmiin viestin kanssa: tarkista se ja paina Lähetä.,Otworzyła się aplikacja pocztowa z gotową wiadomością: sprawdź ją i naciśnij Wyślij.,Otevřela se vaše poštovní aplikace s připravenou zprávou: zkontrolujte ji a stiskněte Odeslat.,Otvorila sa vaša poštová aplikácia s pripravenou správou: skontrolujte ju a stlačte Odoslať.,Otvorila se vaša aplikacija za e-poštu s pripremljenom porukom: provjerite je i pritisnite Pošalji.,Отворена је ваша апликација за пошту са спремном поруком: проверите је и притисните Пошаљи.,Пощенското ви приложение се отвори с готово съобщение: проверете го и натиснете „Изпрати“.,Открылось почтовое приложение с готовым сообщением: проверьте его и нажмите «Отправить».,Ваша поштова програма відкрилася з готовим листом: перевірте його й натисніть «Надіслати».
feedback.empty,Rispondi ad almeno una domanda.,Please answer at least one question.,Svara på minst en fråga.,Besvar mindst ét spørgsmål.,Svar på minst ett spørsmål.,Vastaa vähintään yhteen kysymykseen.,Odpowiedz na co najmniej jedno pytanie.,Odpovězte alespoň na jednu otázku.,Odpovedzte aspoň na jednu otázku.,Odgovorite na barem jedno pitanje.,Одговорите на бар једно питање.,Отговорете на поне един въпрос.,Ответьте хотя бы на один вопрос.,Дайте відповідь принаймні на одне запитання.
feedback.optional,Tutte le domande sono facoltative.,All questions are optional.,Alla frågor är valfria.,Alle spørgsmål er valgfrie.,Alle spørsmålene er valgfrie.,Kaikki kysymykset ovat valinnaisia.,Wszystkie pytania są opcjonalne.,Všechny otázky jsou nepovinné.,Všetky otázky sú nepovinné.,Sva su pitanja neobavezna.,Сва питања су опционална.,Всички въпроси са по желание.,Все вопросы необязательны.,Усі запитання необов’язкові.
